,0,1,0
0,20130104,093000,"['002277', 9.14, 10900.0, 1]"
1,20130104,093000,"['002276', 5.25, 19000.0, 1]"
2,20130104,093000,"['600311', 8.2, 12100.0, 1]"
3,20130104,093000,"['002574', 15.5, 6400.0, 1]"
4,20130104,093000,"['002249', 7.0, 14200.0, 1]"
5,20130104,093000,"['002573', 17.9, 5500.0, 1]"
6,20130104,093000,"['000627', 2.83, 35300.0, 1]"
7,20130104,093000,"['000099', 7.8, 12800.0, 1]"
8,20130104,093000,"['000620', 5.28, 18900.0, 1]"
9,20130104,093000,"['000090', 7.65, 13000.0, 1]"
10,20130104,093000,"['601388', 12.15, 8200.0, 1]"
11,20130104,093000,"['600723', 7.51, 13300.0, 1]"
12,20130104,093000,"['600725', 4.2, 23800.0, 1]"
13,20130104,093000,"['601636', 6.86, 14500.0, 1]"
14,20130104,093000,"['002050', 9.14, 10900.0, 1]"
15,20130104,093000,"['002056', 14.21, 7000.0, 1]"
16,20130104,093000,"['002118', 7.4, 13500.0, 1]"
17,20130104,093000,"['000021', 4.74, 21000.0, 1]"
18,20130104,093000,"['601908', 6.15, 16200.0, 1]"
19,20130104,093000,"['600151', 5.43, 18400.0, 1]"
20,20130104,093000,"['000028', 35.02, 2800.0, 1]"
21,20130104,093000,"['002283', 6.39, 15600.0, 1]"
22,20130104,093000,"['600158', 5.83, 17100.0, 1]"
23,20130104,093000,"['600704', 7.4, 13500.0, 1]"
24,20130104,093000,"['600094', 6.95, 14300.0, 1]"
25,20130104,093000,"['600797', 4.35, 22900.0, 1]"
26,20130104,093000,"['600790', 6.14, 16200.0, 1]"
27,20130104,093000,"['600654', 4.2, 23800.0, 1]"
28,20130104,093000,"['600657', 4.26, 23400.0, 1]"
29,20130104,093000,"['600651', 4.75, 21000.0, 1]"
30,20130104,093000,"['601311', 8.81, 11300.0, 1]"
31,20130104,093000,"['600075', 6.76, 14700.0, 1]"
32,20130104,093000,"['000533', 4.08, 24500.0, 1]"
33,20130104,093000,"['600073', 6.45, 15500.0, 1]"
34,20130104,093000,"['600072', 13.89, 7100.0, 1]"
35,20130104,093000,"['000925', 9.02, 11000.0, 1]"
36,20130104,093000,"['600373', 14.39, 6900.0, 1]"
37,20130104,093000,"['000927', 5.06, 19700.0, 1]"
38,20130104,093000,"['000926', 9.56, 10400.0, 1]"
39,20130104,093000,"['600079', 23.06, 4300.0, 1]"
40,20130104,093000,"['600078', 8.53, 11700.0, 1]"
41,20130104,093000,"['002025', 11.36, 8800.0, 1]"
42,20130104,093000,"['002022', 10.58, 9400.0, 1]"
43,20130104,093000,"['600983', 7.65, 13000.0, 1]"
44,20130104,093000,"['002029', 18.96, 5200.0, 1]"
45,20130104,093000,"['600387', 8.74, 11400.0, 1]"
46,20130104,093000,"['600386', 6.97, 14300.0, 1]"
47,20130104,093000,"['600380', 4.56, 21900.0, 1]"
48,20130104,093000,"['002456', 43.0, 2300.0, 1]"
49,20130104,093000,"['600388', 22.27, 4400.0, 1]"
50,20130104,093000,"['600479', 12.01, 8300.0, 1]"
51,20130104,093000,"['600572', 9.74, 10200.0, 1]"
52,20130104,093000,"['600578', 7.53, 13200.0, 1]"
53,20130104,093000,"['600470', 9.25, 10800.0, 1]"
54,20130104,093000,"['600475', 10.15, 9800.0, 1]"
55,20130104,093000,"['600298', 16.56, 6000.0, 1]"
56,20130104,093000,"['600200', 7.26, 13700.0, 1]"
57,20130104,093000,"['002450', 24.35, 4100.0, 1]"
58,20130104,093000,"['000997', 8.18, 12200.0, 1]"
59,20130104,093000,"['000998', 20.8, 4800.0, 1]"
60,20130104,093000,"['600366', 16.15, 6100.0, 1]"
61,20130104,093000,"['601002', 10.42, 9500.0, 1]"
62,20130104,093000,"['000861', 14.3, 6900.0, 1]"
63,20130104,093000,"['600270', 7.16, 13900.0, 1]"
64,20130104,093000,"['000848', 13.8, 7200.0, 1]"
65,20130104,093000,"['600429', 6.46, 15400.0, 1]"
66,20130104,093000,"['002332', 9.91, 10000.0, 1]"
67,20130104,093000,"['002238', 10.84, 9200.0, 1]"
68,20130104,093000,"['002233', 8.46, 11800.0, 1]"
69,20130104,093000,"['002232', 6.3, 15800.0, 1]"
70,20130104,093000,"['002230', 30.31, 3200.0, 1]"
71,20130104,093000,"['002237', 22.82, 4300.0, 1]"
72,20130104,093000,"['600851', 5.45, 18300.0, 1]"
73,20130104,093000,"['000661', 61.1, 1600.0, 1]"
74,20130104,093000,"['000667', 2.27, 44000.0, 1]"
75,20130104,093000,"['600858', 9.5, 10500.0, 1]"
76,20130104,093000,"['601678', 9.97, 10000.0, 1]"
77,20130104,093000,"['601677', 11.45, 8700.0, 1]"
78,20130104,093000,"['603077', 15.7, 6300.0, 1]"
79,20130104,093000,"['000697', 13.54, 7300.0, 1]"
80,20130104,093000,"['000690', 4.52, 22100.0, 1]"
81,20130104,093000,"['002489', 8.99, 11100.0, 1]"
82,20130104,093000,"['600418', 6.87, 14500.0, 1]"
83,20130104,093000,"['002480', 12.64, 7900.0, 1]"
84,20130104,093000,"['002482', 20.9, 4700.0, 1]"
85,20130104,093000,"['600581', 6.12, 16300.0, 1]"
86,20130104,093000,"['000066', 3.35, 29800.0, 1]"
87,20130104,093000,"['600584', 4.29, 23300.0, 1]"
88,20130104,093000,"['600586', 3.46, 28900.0, 1]"
89,20130104,093000,"['600589', 5.54, 18000.0, 1]"
90,20130104,093000,"['002244', 11.08, 9000.0, 1]"
91,20130104,093000,"['002242', 7.01, 14200.0, 1]"
92,20130104,093000,"['600611', 4.86, 20500.0, 1]"
93,20130104,093000,"['600831', 6.6, 15100.0, 1]"
94,20130104,093000,"['600612', 21.8, 4500.0, 1]"
95,20130104,093000,"['600614', 11.78, 8400.0, 1]"
96,20130104,093000,"['600830', 6.75, 14800.0, 1]"
97,20130104,093000,"['600618', 8.14, 12200.0, 1]"
98,20130104,093000,"['600759', 5.3, 18800.0, 1]"
99,20130104,093000,"['600750', 19.83, 5000.0, 1]"
100,20130104,093000,"['600246', 3.89, 25700.0, 1]"
101,20130104,093000,"['600755', 4.48, 22300.0, 1]"
102,20130104,093000,"['600757', 6.2, 16100.0, 1]"
103,20130104,093000,"['600038', 18.85, 5300.0, 1]"
104,20130104,093000,"['002140', 21.5, 4600.0, 1]"
105,20130104,093000,"['002414', 16.18, 6100.0, 1]"
106,20130104,093000,"['002063', 14.73, 6700.0, 1]"
107,20130104,093000,"['002064', 4.8, 20800.0, 1]"
108,20130104,093000,"['002065', 14.14, 7000.0, 1]"
109,20130104,093000,"['600537', 8.24, 12100.0, 1]"
110,20130104,093000,"['600531', 17.25, 5700.0, 1]"
111,20130104,093000,"['600533', 4.66, 21400.0, 1]"
112,20130104,093000,"['002097', 6.95, 14300.0, 1]"
113,20130104,093000,"['002091', 8.57, 11600.0, 1]"
114,20130104,093000,"['600106', 4.06, 24600.0, 1]"
115,20130104,093000,"['600103', 2.91, 34300.0, 1]"
116,20130104,093000,"['600325', 8.66, 11500.0, 1]"
117,20130104,093000,"['600326', 8.78, 11300.0, 1]"
118,20130104,093000,"['600322', 3.91, 25500.0, 1]"
119,20130104,093000,"['600240', 4.95, 20200.0, 1]"
120,20130104,093000,"['000816', 5.45, 18300.0, 1]"
121,20130104,093000,"['600329', 10.71, 9300.0, 1]"
122,20130104,093000,"['600328', 6.67, 14900.0, 1]"
123,20130104,093000,"['002662', 8.49, 11700.0, 1]"
124,20130104,093000,"['002663', 28.41, 3500.0, 1]"
125,20130104,093000,"['000566', 9.99, 10000.0, 1]"
126,20130104,093000,"['600978', 4.93, 20200.0, 1]"
127,20130104,093000,"['000563', 13.2, 7500.0, 1]"
128,20130104,093000,"['002465', 29.22, 3400.0, 1]"
129,20130104,093000,"['002463', 4.45, 22400.0, 1]"
130,20130104,093000,"['002461', 8.82, 11300.0, 1]"
131,20130104,093000,"['000962', 12.65, 7900.0, 1]"
132,20130104,093000,"['600408', 4.06, 24600.0, 1]"
133,20130104,093000,"['600409', 3.8, 26300.0, 1]"
134,20130104,093000,"['000708', 7.61, 13100.0, 1]"
135,20130104,093000,"['600810', 5.52, 18100.0, 1]"
136,20130104,093000,"['002203', 7.55, 13200.0, 1]"
137,20130104,093000,"['002204', 12.89, 7700.0, 1]"
138,20130104,093000,"['000636', 6.26, 15900.0, 1]"
139,20130104,093000,"['000631', 7.27, 13700.0, 1]"
140,20130104,093000,"['600869', 7.99, 12500.0, 1]"
141,20130104,093000,"['600866', 4.69, 21300.0, 1]"
142,20130104,093000,"['600867', 9.45, 10500.0, 1]"
143,20130104,093000,"['600864', 5.72, 17400.0, 1]"
144,20130104,093000,"['600717', 6.09, 16400.0, 1]"
145,20130104,093000,"['600710', 4.24, 23500.0, 1]"
146,20130104,093000,"['002285', 13.92, 7100.0, 1]"
147,20130104,093000,"['600141', 18.29, 5400.0, 1]"
148,20130104,093000,"['002293', 43.28, 2300.0, 1]"
149,20130104,093000,"['002292', 19.06, 5200.0, 1]"
150,20130104,093000,"['002294', 38.23, 2600.0, 1]"
151,20130104,093000,"['000031', 4.41, 22600.0, 1]"
152,20130104,093000,"['002191', 9.13, 10900.0, 1]"
153,20130104,093000,"['600787', 7.78, 12800.0, 1]"
154,20130104,093000,"['002194', 6.09, 16400.0, 1]"
155,20130104,093000,"['600662', 3.98, 25100.0, 1]"
156,20130104,093000,"['000918', 4.12, 24200.0, 1]"
157,20130104,093000,"['000919', 6.96, 14300.0, 1]"
158,20130104,093000,"['000525', 11.76, 8500.0, 1]"
159,20130104,093000,"['000911', 8.25, 12100.0, 1]"
160,20130104,093000,"['000912', 5.1, 19600.0, 1]"
161,20130104,093000,"['000917', 10.08, 9900.0, 1]"
162,20130104,093000,"['002585', 9.89, 10100.0, 1]"
163,20130104,093000,"['002428', 23.83, 4100.0, 1]"
164,20130104,093000,"['002429', 13.09, 7600.0, 1]"
165,20130104,093000,"['600449', 9.18, 10800.0, 1]"
166,20130104,093000,"['002424', 16.06, 6200.0, 1]"
167,20130104,093000,"['603366', 15.65, 6300.0, 1]"
168,20130104,093000,"['600162', 4.93, 20200.0, 1]"
169,20130104,093000,"['600563', 14.9, 6700.0, 1]"
170,20130104,093000,"['600210', 3.55, 28100.0, 1]"
171,20130104,093000,"['000988', 5.61, 17800.0, 1]"
172,20130104,093000,"['000987', 11.85, 8400.0, 1]"
173,20130104,093000,"['000598', 7.45, 13400.0, 1]"
174,20130104,093000,"['002638', 10.68, 9300.0, 1]"
175,20130104,093000,"['000850', 5.12, 19500.0, 1]"
176,20130104,093000,"['000852', 14.33, 6900.0, 1]"
177,20130104,093000,"['600289', 5.84, 17100.0, 1]"
178,20130104,093000,"['600287', 5.9, 16900.0, 1]"
179,20130104,093000,"['600284', 8.85, 11200.0, 1]"
180,20130104,093000,"['002320', 9.67, 10300.0, 1]"
181,20130104,093000,"['002325', 15.39, 6400.0, 1]"
182,20130104,093000,"['002326', 11.75, 8500.0, 1]"
183,20130104,093000,"['600820', 9.17, 10900.0, 1]"
184,20130104,093000,"['600826', 10.84, 9200.0, 1]"
185,20130104,093000,"['600824', 4.48, 22300.0, 1]"
186,20130104,093000,"['600825', 4.91, 20300.0, 1]"
187,20130104,093000,"['600736', 4.76, 21000.0, 1]"
188,20130104,093000,"['600829', 9.06, 11000.0, 1]"
189,20130104,093000,"['601100', 11.32, 8800.0, 1]"
190,20130104,093000,"['002498', 9.14, 10900.0, 1]"
191,20130104,093000,"['002396', 15.44, 6400.0, 1]"
192,20130104,093000,"['002392', 7.54, 13200.0, 1]"
193,20130104,093000,"['002393', 32.64, 3000.0, 1]"
194,20130104,093000,"['002254', 8.96, 11100.0, 1]"
195,20130104,093000,"['000078', 5.87, 17000.0, 1]"
196,20130104,093000,"['002250', 19.5, 5100.0, 1]"
197,20130104,093000,"['002252', 13.73, 7200.0, 1]"
198,20130104,093000,"['600628', 6.82, 14600.0, 1]"
199,20130104,093000,"['600740', 8.71, 11400.0, 1]"
200,20130104,093000,"['600622', 7.0, 14200.0, 1]"
201,20130104,093000,"['600748', 8.69, 11500.0, 1]"
202,20130104,093000,"['601208', 6.45, 15500.0, 1]"
203,20130104,093000,"['002028', 14.14, 7000.0, 1]"
204,20130104,093000,"['601616', 3.96, 25200.0, 1]"
205,20130104,093000,"['002078', 5.26, 19000.0, 1]"
206,20130104,093000,"['002179', 13.61, 7300.0, 1]"
207,20130104,093000,"['600488', 5.37, 18600.0, 1]"
208,20130104,093000,"['600522', 7.98, 12500.0, 1]"
209,20130104,093000,"['600521', 11.6, 8600.0, 1]"
210,20130104,093000,"['600523', 9.66, 10300.0, 1]"
211,20130104,093000,"['600525', 6.39, 15600.0, 1]"
212,20130104,093000,"['600480', 6.58, 15100.0, 1]"
213,20130104,093000,"['600482', 7.77, 12800.0, 1]"
214,20130104,093000,"['000159', 6.53, 15300.0, 1]"
215,20130104,093000,"['600487', 20.88, 4700.0, 1]"
216,20130104,093000,"['600138', 15.95, 6200.0, 1]"
217,20130104,093000,"['600139', 9.78, 10200.0, 1]"
218,20130104,093000,"['600702', 28.89, 3400.0, 1]"
219,20130104,093000,"['601339', 8.39, 11900.0, 1]"
220,20130104,093000,"['000828', 4.64, 21500.0, 1]"
221,20130104,093000,"['000829', 3.95, 25300.0, 1]"
222,20130104,093000,"['600312', 7.38, 13500.0, 1]"
223,20130104,093000,"['000415', 6.65, 15000.0, 1]"
224,20130104,093000,"['000417', 7.1, 14000.0, 1]"
225,20130104,093000,"['600251', 16.51, 6000.0, 1]"
226,20130104,093000,"['000418', 9.43, 10600.0, 1]"
227,20130104,093000,"['000822', 4.06, 24600.0, 1]"
228,20130104,093000,"['000777', 18.4, 5400.0, 1]"
229,20130104,093000,"['600963', 4.1, 24300.0, 1]"
230,20130104,093000,"['002672', 59.9, 1600.0, 1]"
231,20130104,093000,"['600961', 10.29, 9700.0, 1]"
232,20130104,093000,"['000550', 18.0, 5500.0, 1]"
233,20130104,093000,"['002678', 11.75, 8500.0, 1]"
234,20130104,093000,"['000554', 4.98, 20000.0, 1]"
235,20130104,093000,"['002475', 28.0, 3500.0, 1]"
236,20130104,093000,"['002477', 18.89, 5200.0, 1]"
237,20130104,093000,"['002470', 14.65, 6800.0, 1]"
238,20130104,093000,"['002479', 12.63, 7900.0, 1]"
239,20130104,093000,"['600004', 7.14, 14000.0, 1]"
240,20130104,093000,"['600557', 20.68, 4800.0, 1]"
241,20130104,093000,"['000959', 2.81, 35500.0, 1]"
242,20130104,093000,"['600551', 9.57, 10400.0, 1]"
243,20130104,093000,"['600416', 5.17, 19300.0, 1]"
244,20130104,093000,"['600008', 4.38, 22800.0, 1]"
245,20130104,093000,"['000951', 12.89, 7700.0, 1]"
246,20130104,093000,"['600410', 6.4, 15600.0, 1]"
247,20130104,093000,"['000735', 5.85, 17000.0, 1]"
248,20130104,093000,"['000732', 8.07, 12300.0, 1]"
249,20130104,093000,"['000738', 8.69, 11500.0, 1]"
250,20130104,093000,"['000301', 3.11, 32100.0, 1]"
251,20130104,093000,"['002601', 23.35, 4200.0, 1]"
252,20130104,093000,"['000786', 17.53, 5700.0, 1]"
253,20130104,093000,"['002216', 23.26, 4200.0, 1]"
254,20130104,093000,"['601999', 6.3, 15800.0, 1]"
255,20130104,093000,"['002218', 5.98, 16700.0, 1]"
256,20130104,093000,"['000601', 3.6, 27700.0, 1]"
257,20130104,093000,"['000603', 19.78, 5000.0, 1]"
258,20130104,093000,"['000608', 5.88, 17000.0, 1]"
259,20130104,093000,"['600879', 6.54, 15200.0, 1]"
260,20130104,093000,"['600874', 4.73, 21100.0, 1]"
261,20130104,093000,"['600872', 4.61, 21600.0, 1]"
262,20130104,093000,"['600499', 8.88, 11200.0, 1]"
263,20130104,093000,"['601777', 6.43, 15500.0, 1]"
264,20130104,093000,"['600683', 5.02, 19900.0, 1]"
265,20130104,093000,"['600685', 12.32, 8100.0, 1]"
266,20130104,093000,"['600500', 5.82, 17100.0, 1]"
267,20130104,093000,"['600675', 5.36, 18600.0, 1]"
268,20130104,093000,"['600673', 7.67, 13000.0, 1]"
269,20130104,093000,"['600176', 10.17, 9800.0, 1]"
270,20130104,093000,"['600171', 4.81, 20700.0, 1]"
271,20130104,093000,"['002181', 8.68, 11500.0, 1]"
272,20130104,093000,"['002183', 4.72, 21100.0, 1]"
273,20130104,093000,"['600773', 11.58, 8600.0, 1]"
274,20130104,093000,"['600197', 15.17, 6500.0, 1]"
275,20130104,093000,"['600195', 12.76, 7800.0, 1]"
276,20130104,093000,"['000518', 3.9, 25600.0, 1]"
277,20130104,093000,"['600059', 11.48, 8700.0, 1]"
278,20130104,093000,"['600054', 12.6, 7900.0, 1]"
279,20130104,093000,"['000510', 5.81, 17200.0, 1]"
280,20130104,093000,"['000511', 3.82, 26100.0, 1]"
281,20130104,093000,"['600198', 8.22, 12100.0, 1]"
282,20130104,093000,"['600199', 19.19, 5200.0, 1]"
283,20130104,093000,"['002004', 16.16, 6100.0, 1]"
284,20130104,093000,"['002006', 8.7, 11400.0, 1]"
285,20130104,093000,"['002008', 8.29, 12000.0, 1]"
286,20130104,093000,"['600330', 5.33, 18700.0, 1]"
287,20130104,093000,"['002430', 10.0, 10000.0, 1]"
288,20130104,093000,"['600458', 13.2, 7500.0, 1]"
289,20130104,093000,"['002437', 20.2, 4900.0, 1]"
290,20130104,093000,"['600510', 7.82, 12700.0, 1]"
291,20130104,093000,"['600511', 14.66, 6800.0, 1]"
292,20130104,093000,"['600220', 2.85, 35000.0, 1]"
293,20130104,093000,"['600223', 5.75, 17300.0, 1]"
294,20130104,093000,"['600226', 6.03, 16500.0, 1]"
295,20130104,093000,"['600227', 3.69, 27100.0, 1]"
296,20130104,093000,"['002648', 17.1, 5800.0, 1]"
297,20130104,093000,"['002646', 23.69, 4200.0, 1]"
298,20130104,093000,"['600426', 7.77, 12800.0, 1]"
299,20130104,093000,"['600422', 19.36, 5100.0, 1]"
300,20130104,093000,"['600351', 5.38, 18500.0, 1]"
301,20130104,093000,"['000900', 8.85, 11200.0, 1]"
302,20130104,093000,"['600295', 8.99, 11100.0, 1]"
303,20130104,093000,"['000860', 13.53, 7300.0, 1]"
304,20130104,093000,"['600290', 5.14, 19400.0, 1]"
305,20130104,093000,"['600428', 4.07, 24500.0, 1]"
306,20130104,093000,"['600292', 12.67, 7800.0, 1]"
307,20130104,093000,"['002315', 30.28, 3300.0, 1]"
308,20130104,093000,"['000886', 3.66, 27300.0, 1]"
309,20130104,093000,"['000887', 9.22, 10800.0, 1]"
310,20130104,093000,"['600835', 8.11, 12300.0, 1]"
311,20130104,093000,"['000762', 12.55, 7900.0, 1]"
312,20130104,093000,"['000939', 6.76, 14700.0, 1]"
313,20130104,093000,"['600258', 11.42, 8700.0, 1]"
314,20130104,093000,"['601801', 10.47, 9500.0, 1]"
315,20130104,093000,"['002386', 6.6, 15100.0, 1]"
316,20130104,093000,"['000088', 4.05, 24600.0, 1]"
317,20130104,093000,"['002384', 9.27, 10700.0, 1]"
318,20130104,093000,"['600743', 4.05, 24600.0, 1]"
319,20130104,093000,"['000931', 5.66, 17600.0, 1]"
320,20130104,093000,"['002267', 8.34, 11900.0, 1]"
321,20130104,093000,"['600884', 10.4, 9600.0, 1]"
322,20130104,093000,"['600639', 9.03, 11000.0, 1]"
323,20130104,093000,"['600880', 9.7, 10300.0, 1]"
324,20130104,093000,"['600737', 5.27, 18900.0, 1]"
325,20130104,093000,"['600888', 9.54, 10400.0, 1]"
326,20130104,093000,"['600636', 13.39, 7400.0, 1]"
327,20130104,093000,"['600635', 4.18, 23900.0, 1]"
328,20130104,093000,"['601608', 3.95, 25300.0, 1]"
329,20130104,093000,"['600069', 5.5, 18100.0, 1]"
330,20130104,093000,"['002041', 24.1, 4100.0, 1]"
331,20130104,093000,"['600496', 8.03, 12400.0, 1]"
332,20130104,093000,"['600491', 5.73, 17400.0, 1]"
333,20130104,093000,"['002168', 7.33, 13600.0, 1]"
334,20130104,093000,"['002161', 6.23, 16000.0, 1]"
335,20130104,093000,"['600995', 5.62, 17700.0, 1]"
336,20130104,093000,"['600088', 9.47, 10500.0, 1]"
337,20130104,093000,"['600122', 4.05, 24600.0, 1]"
338,20130104,093000,"['600121', 7.75, 12900.0, 1]"
339,20130104,093000,"['600086', 21.66, 4600.0, 1]"
340,20130104,093000,"['600644', 9.17, 10900.0, 1]"
341,20130104,093000,"['600645', 18.06, 5500.0, 1]"
342,20130104,093000,"['600643', 8.0, 12500.0, 1]"
343,20130104,093000,"['600641', 4.31, 23200.0, 1]"
344,20130104,093000,"['600067', 6.67, 14900.0, 1]"
345,20130104,093000,"['600064', 12.19, 8200.0, 1]"
346,20130104,093000,"['000517', 7.66, 13000.0, 1]"
347,20130104,093000,"['000543', 7.78, 12800.0, 1]"
348,20130104,093000,"['600063', 2.67, 37400.0, 1]"
349,20130104,093000,"['000541', 6.69, 14900.0, 1]"
350,20130104,093000,"['600308', 3.5, 28500.0, 1]"
351,20130104,093000,"['000936', 4.07, 24500.0, 1]"
352,20130104,093000,"['000426', 12.85, 7700.0, 1]"
353,20130104,093000,"['000935', 7.3, 13600.0, 1]"
354,20130104,093000,"['000932', 2.36, 42300.0, 1]"
355,20130104,093000,"['000930', 4.86, 20500.0, 1]"
356,20130104,093000,"['600300', 6.95, 14300.0, 1]"
357,20130104,093000,"['002219', 14.26, 7000.0, 1]"
358,20130104,093000,"['000513', 35.0, 2800.0, 1]"
359,20130104,093000,"['600993', 14.17, 7000.0, 1]"
360,20130104,093000,"['002444', 10.12, 9800.0, 1]"
361,20130104,093000,"['600439', 4.45, 22400.0, 1]"
362,20130104,093000,"['600545', 6.26, 15900.0, 1]"
363,20130104,093000,"['600468', 10.74, 9300.0, 1]"
364,20130104,093000,"['600469', 8.81, 11300.0, 1]"
365,20130104,093000,"['600017', 2.9, 34400.0, 1]"
366,20130104,093000,"['600460', 3.78, 26400.0, 1]"
367,20130104,093000,"['600467', 7.39, 13500.0, 1]"
368,20130104,093000,"['600397', 13.01, 7600.0, 1]"
369,20130104,093000,"['000726', 6.63, 15000.0, 1]"
370,20130104,093000,"['000682', 3.09, 32300.0, 1]"
371,20130104,093000,"['000683', 4.86, 20500.0, 1]"
372,20130104,093000,"['000685', 11.17, 8900.0, 1]"
373,20130104,093000,"['002612', 27.8, 3500.0, 1]"
374,20130104,093000,"['601010', 14.28, 7000.0, 1]"
375,20130104,093000,"['601011', 11.15, 8900.0, 1]"
376,20130104,093000,"['600260', 9.31, 10700.0, 1]"
377,20130104,093000,"['600261', 8.7, 11400.0, 1]"
378,20130104,093000,"['000830', 4.07, 24500.0, 1]"
379,20130104,093000,"['600268', 5.9, 16900.0, 1]"
380,20130104,093000,"['600269', 3.45, 28900.0, 1]"
381,20130104,093000,"['002345', 19.41, 5100.0, 1]"
382,20130104,093000,"['002342', 6.89, 14500.0, 1]"
383,20130104,093000,"['002340', 11.92, 8300.0, 1]"
384,20130104,093000,"['002225', 7.33, 13600.0, 1]"
385,20130104,093000,"['002226', 12.29, 8100.0, 1]"
386,20130104,093000,"['002223', 15.42, 6400.0, 1]"
387,20130104,093000,"['000755', 5.23, 19100.0, 1]"
388,20130104,093000,"['000616', 4.16, 24000.0, 1]"
389,20130104,093000,"['000612', 11.0, 9000.0, 1]"
390,20130104,093000,"['600844', 11.3, 8800.0, 1]"
391,20130104,093000,"['002123', 8.81, 11300.0, 1]"
392,20130104,093000,"['002121', 7.25, 13700.0, 1]"
393,20130104,093000,"['002083', 4.05, 24600.0, 1]"
394,20130104,093000,"['600590', 5.94, 16800.0, 1]"
395,20130104,093000,"['600596', 7.52, 13200.0, 1]"
396,20130104,093000,"['600597', 9.78, 10200.0, 1]"
397,20130104,093000,"['600594', 19.95, 5000.0, 1]"
398,20130104,093000,"['000713', 10.98, 9100.0, 1]"
399,20130104,093000,"['002534', 13.84, 7200.0, 1]"
400,20130104,093000,"['600601', 2.38, 42000.0, 1]"
401,20130104,093000,"['600163', 3.82, 26100.0, 1]"
402,20130104,093000,"['000050', 8.0, 12500.0, 1]"
403,20130104,093000,"['600161', 12.46, 8000.0, 1]"
404,20130104,093000,"['600765', 7.65, 13000.0, 1]"
405,20130104,093000,"['600761', 9.01, 11000.0, 1]"
406,20130104,093000,"['601515', 14.66, 6800.0, 1]"
407,20130104,093000,"['000006', 5.02, 19900.0, 1]"
408,20130104,093000,"['600183', 4.23, 23600.0, 1]"
409,20130104,093000,"['000503', 9.58, 10400.0, 1]"
410,20130104,093000,"['000501', 11.68, 8500.0, 1]"
411,20130104,093000,"['600021', 4.7, 21200.0, 1]"
412,20130104,093000,"['601519', 4.47, 22300.0, 1]"
413,20130104,093000,"['000506', 7.87, 12700.0, 1]"
414,20130104,093000,"['001696', 5.84, 17100.0, 1]"
415,20130104,093000,"['002152', 14.1, 7000.0, 1]"
416,20130104,093000,"['002408', 16.97, 5800.0, 1]"
417,20130104,093000,"['002011', 9.24, 10800.0, 1]"
418,20130104,093000,"['600509', 8.19, 12200.0, 1]"
419,20130104,093000,"['600501', 8.05, 12400.0, 1]"
420,20130104,093000,"['600117', 5.14, 19400.0, 1]"
421,20130104,093000,"['600503', 4.69, 21300.0, 1]"
422,20130104,093000,"['600112', 10.75, 9300.0, 1]"
423,20130104,093000,"['600337', 5.68, 17600.0, 1]"
424,20130104,093000,"['600333', 8.48, 11700.0, 1]"
425,20130104,093000,"['600239', 8.85, 11200.0, 1]"
426,20130104,093000,"['000809', 12.6, 7900.0, 1]"
427,20130104,093000,"['600231', 4.91, 20300.0, 1]"
428,20130104,093000,"['600339', 4.7, 21200.0, 1]"
429,20130104,093000,"['000572', 2.97, 33600.0, 1]"
430,20130104,093000,"['002651', 13.92, 7100.0, 1]"
431,20130104,093000,"['002653', 28.24, 3500.0, 1]"
432,20130104,093000,"['600435', 8.35, 11900.0, 1]"
433,20130104,093000,"['600436', 109.0, 900.0, 1]"
434,20130104,093000,"['000979', 7.94, 12500.0, 1]"
435,20130104,093000,"['000877', 9.5, 10500.0, 1]"
436,20130104,093000,"['600438', 6.72, 14800.0, 1]"
437,20130104,093000,"['000652', 3.6, 27700.0, 1]"
438,20130104,093000,"['002309', 11.48, 8700.0, 1]"
439,20130104,093000,"['002308', 9.94, 10000.0, 1]"
440,20130104,093000,"['000655', 12.84, 7700.0, 1]"
441,20130104,093000,"['000659', 2.78, 35900.0, 1]"
442,20130104,093000,"['601880', 2.85, 35000.0, 1]"
443,20130104,093000,"['601886', 22.0, 4500.0, 1]"
444,20130104,093000,"['603001', 20.58, 4800.0, 1]"
445,20130104,093000,"['603000', 38.2, 2600.0, 1]"
446,20130104,093000,"['000897', 2.91, 34300.0, 1]"
447,20130104,093000,"['000719', 9.41, 10600.0, 1]"
448,20130104,093000,"['000893', 11.66, 8500.0, 1]"
449,20130104,093000,"['600805', 12.06, 8200.0, 1]"
450,20130104,093000,"['600801', 15.2, 6500.0, 1]"
451,20130104,093000,"['000488', 4.19, 23800.0, 1]"
452,20130104,093000,"['601126', 14.25, 7000.0, 1]"
453,20130104,093000,"['000410', 6.15, 16200.0, 1]"
454,20130104,093000,"['000823', 9.62, 10300.0, 1]"
455,20130222,093000,"['000680', 4.92, 23000.0, 1]"
456,20130222,093000,"['600056', 22.7, 4900.0, 1]"
457,20130222,093000,"['002129', 14.23, 7900.0, 1]"
458,20130222,093000,"['002048', 7.4, 15200.0, 1]"
459,20130222,093000,"['000826', 27.38, 4100.0, 1]"
460,20130222,093000,"['002410', 20.1, 5600.0, 1]"
461,20130222,093000,"['002005', 7.56, 14900.0, 1]"
462,20130222,093000,"['600816', 14.33, 7800.0, 1]"
463,20130222,093000,"['600815', 6.65, 17000.0, 1]"
464,20130222,093000,"['600747', 4.46, 25300.0, 1]"
465,20130222,093000,"['600720', 10.91, 10300.0, 1]"
466,20130222,093000,"['600729', 27.4, 4100.0, 1]"
467,20130222,093000,"['600570', 12.81, 8800.0, 1]"
468,20130222,093000,"['600478', 21.95, 5100.0, 1]"
469,20130222,093000,"['000975', 11.16, 10100.0, 1]"
470,20130222,093000,"['600517', 12.45, 9000.0, 1]"
471,20130222,093000,"['600184', 25.02, 4500.0, 1]"
472,20130222,093000,"['000400', 28.13, 4000.0, 1]"
473,20130222,093000,"['000522', 25.25, 4400.0, 1]"
474,20130222,093000,"['000540', 6.23, 18100.0, 1]"
475,20130222,093000,"['002306', 9.72, 11600.0, 1]"
476,20130222,093000,"['002305', 7.37, 15300.0, 1]"
477,20130222,093000,"['002154', 9.91, 11400.0, 1]"
478,20130222,093000,"['000650', 6.26, 18000.0, 1]"
479,20130222,093000,"['000759', 6.5, 17400.0, 1]"
480,20130222,093000,"['002440', 18.1, 6200.0, 1]"
481,20130222,093000,"['600616', 9.28, 12100.0, 1]"
482,20130222,093000,"['600633', 15.7, 7200.0, 1]"
483,20130222,093000,"['002281', 20.56, 5500.0, 1]"
484,20130222,093000,"['600425', 10.27, 11000.0, 1]"
485,20130222,093000,"['000903', 5.68, 19900.0, 1]"
486,20130222,093000,"['600776', 4.75, 23800.0, 1]"
487,20130228,093000,"['600580', 5.15, 22600.0, 1]"
488,20130305,093000,"['002190', 17.08, 6900.0, 1]"
489,20130312,093000,"['002449', 7.55, 15800.0, 1]"
490,20130312,093000,"['000973', 4.44, 26900.0, 1]"
491,20130321,093000,"['000698', 4.62, 23000.0, 1]"
492,20130327,093000,"['000042', 23.7, 4900.0, 1]"
493,20130327,093000,"['600236', 3.62, 32100.0, 1]"
494,20130403,093000,"['600481', 8.28, 13000.0, 1]"
495,20130415,093000,"['000793', 7.93, 13200.0, 1]"
496,20130424,093000,"['600110', 5.82, 17500.0, 1]"
497,20130426,093000,"['002093', 4.87, 20800.0, 1]"
498,20130506,093000,"['000712', 15.4, 6500.0, 1]"
499,20130527,093000,"['600780', 8.2, 14000.0, 1]"
500,20130619,093000,"['002506', 3.33, 33700.0, 1]"
501,20130701,093000,"['600039', 5.18, 19300.0, 1]"
502,20130701,093000,"['002122', 3.56, 28200.0, 1]"
503,20130701,093000,"['002275', 15.21, 6600.0, 1]"
504,20130701,093000,"['002273', 18.06, 5500.0, 1]"
505,20130701,093000,"['002557', 16.91, 5900.0, 1]"
506,20130701,093000,"['002490', 8.25, 12100.0, 1]"
507,20130701,093000,"['002049', 26.78, 3700.0, 1]"
508,20130701,093000,"['600037', 6.08, 16500.0, 1]"
509,20130701,093000,"['000559', 5.2, 19300.0, 1]"
510,20130701,093000,"['002698', 17.43, 5700.0, 1]"
511,20130701,093000,"['600850', 22.28, 4500.0, 1]"
512,20130701,093000,"['002167', 9.7, 10300.0, 1]"
513,20130701,093000,"['600812', 4.44, 22600.0, 1]"
514,20130701,093000,"['002419', 7.97, 12600.0, 1]"
515,20130701,093000,"['000982', 7.91, 12600.0, 1]"
516,20130701,093000,"['600724', 4.24, 23600.0, 1]"
517,20130701,093000,"['002013', 11.82, 8400.0, 1]"
518,20130701,093000,"['603766', 7.25, 13800.0, 1]"
519,20130701,093000,"['600595', 3.49, 28700.0, 1]"
520,20130701,093000,"['600006', 2.77, 36200.0, 1]"
521,20130701,093000,"['600575', 2.39, 42000.0, 1]"
522,20130701,093000,"['600648', 14.5, 6900.0, 1]"
523,20130701,093000,"['002262', 22.28, 4500.0, 1]"
524,20130701,093000,"['002317', 21.9, 4500.0, 1]"
525,20130701,093000,"['600180', 6.7, 14900.0, 1]"
526,20130701,093000,"['002327', 12.78, 7800.0, 1]"
527,20130701,093000,"['002447', 17.47, 5700.0, 1]"
528,20130701,093000,"['600026', 3.56, 28200.0, 1]"
529,20130701,093000,"['002405', 13.1, 7600.0, 1]"
530,20130701,093000,"['000587', 10.23, 9800.0, 1]"
531,20130701,093000,"['000671', 11.49, 8700.0, 1]"
532,20130701,093000,"['002073', 8.32, 12000.0, 1]"
533,20130701,093000,"['002075', 2.49, 40300.0, 1]"
534,20130701,093000,"['601929', 6.24, 16000.0, 1]"
535,20130701,093000,"['002503', 11.28, 8900.0, 1]"
536,20130701,093000,"['600456', 11.61, 8600.0, 1]"
537,20130701,093000,"['601233', 5.04, 19900.0, 1]"
538,20130701,093000,"['600490', 9.25, 10800.0, 1]"
539,20130701,093000,"['600841', 13.79, 7200.0, 1]"
540,20130701,093000,"['601000', 2.62, 38300.0, 1]"
541,20130701,093000,"['002287', 16.7, 6000.0, 1]"
542,20130701,093000,"['002701', 27.71, 3600.0, 1]"
543,20130701,093000,"['600401', 5.7, 17600.0, 1]"
544,20130701,093000,"['600277', 6.14, 16300.0, 1]"
545,20130701,093000,"['601588', 2.68, 37400.0, 1]"
546,20130701,093000,"['601216', 7.78, 12900.0, 1]"
547,20130701,093000,"['002635', 44.98, 2200.0, 1]"
548,20130701,093000,"['600507', 3.63, 27600.0, 1]"
549,20130701,093000,"[u'600258', 12.93, 16200L, -1]"
550,20130701,093000,"[u'600258', 12.93, 16200L, -1]"
551,20130701,093000,"[u'600258', 12.93, 16200L, -1]"
552,20130701,093000,"[u'600258', 12.93, 16200L, -1]"
553,20130701,093000,"[u'600258', 12.93, 16200L, -1]"
554,20130701,093000,"[u'600258', 12.93, 16200L, -1]"
555,20130701,093000,"[u'600258', 12.93, 16200L, -1]"
556,20130701,093000,"[u'600258', 12.93, 16200L, -1]"
557,20130701,093000,"[u'600258', 12.93, 16200L, -1]"
558,20130701,093000,"[u'002653', 28.06, 10400L, -1]"
559,20130701,093000,"[u'600258', 12.93, 16200L, -1]"
560,20130701,093000,"[u'002653', 28.06, 10400L, -1]"
561,20130701,093000,"[u'600258', 12.93, 16200L, -1]"
562,20130701,093000,"[u'002653', 28.06, 10400L, -1]"
563,20130701,093000,"[u'000826', 32.0, 7100L, -1]"
564,20130701,093000,"[u'600258', 12.93, 16200L, -1]"
565,20130701,093000,"[u'002653', 28.06, 10400L, -1]"
566,20130701,093000,"[u'000826', 32.0, 7100L, -1]"
567,20130701,093000,"[u'600258', 12.93, 16200L, -1]"
568,20130701,093000,"[u'002653', 28.06, 10400L, -1]"
569,20130701,093000,"[u'000826', 32.0, 7100L, -1]"
570,20130701,093000,"[u'600258', 12.93, 16200L, -1]"
571,20130701,093000,"[u'002653', 28.06, 10400L, -1]"
572,20130701,093000,"[u'000826', 32.0, 7100L, -1]"
573,20130701,093000,"[u'600258', 12.93, 16200L, -1]"
574,20130701,093000,"[u'002653', 28.06, 10400L, -1]"
575,20130701,093000,"[u'000826', 32.0, 7100L, -1]"
576,20130701,093000,"[u'600961', 5.8, 26800L, -1]"
577,20130701,093000,"[u'600258', 12.93, 16200L, -1]"
578,20130701,093000,"[u'002653', 28.06, 10400L, -1]"
579,20130701,093000,"[u'000826', 32.0, 7100L, -1]"
580,20130701,093000,"[u'600961', 5.8, 26800L, -1]"
581,20130701,093000,"[u'600258', 12.93, 16200L, -1]"
582,20130701,093000,"[u'002653', 28.06, 10400L, -1]"
583,20130701,093000,"[u'000826', 32.0, 7100L, -1]"
584,20130701,093000,"[u'600961', 5.8, 26800L, -1]"
585,20130701,093000,"[u'600258', 12.93, 16200L, -1]"
586,20130701,093000,"[u'002653', 28.06, 10400L, -1]"
587,20130701,093000,"[u'000826', 32.0, 7100L, -1]"
588,20130701,093000,"[u'600961', 5.8, 26800L, -1]"
589,20130701,093000,"[u'600258', 12.93, 16200L, -1]"
590,20130701,093000,"[u'002653', 28.06, 10400L, -1]"
591,20130701,093000,"[u'000826', 32.0, 7100L, -1]"
592,20130701,093000,"[u'600961', 5.8, 26800L, -1]"
593,20130701,093000,"[u'600258', 12.93, 16200L, -1]"
594,20130701,093000,"[u'002653', 28.06, 10400L, -1]"
595,20130701,093000,"[u'000826', 32.0, 7100L, -1]"
596,20130701,093000,"[u'600961', 5.8, 26800L, -1]"
597,20130701,095100,"[u'600824', 4.36, 44800L, -1]"
598,20130701,095100,"[u'600824', 4.36, 44800L, -1]"
599,20130701,095100,"[u'600824', 4.36, 44800L, -1]"
600,20130701,095100,"[u'600824', 4.36, 44800L, -1]"
601,20130701,095100,"[u'600824', 4.36, 44800L, -1]"
602,20130701,095100,"[u'600824', 4.36, 44800L, -1]"
603,20130704,093200,"[u'002294', 32.25, 7200L, -1]"
604,20130704,093200,"[u'002294', 32.25, 7200L, -1]"
605,20130704,093200,"[u'002294', 32.25, 7200L, -1]"
606,20130704,093200,"[u'002294', 32.25, 7200L, -1]"
607,20130704,093200,"[u'002294', 32.25, 7200L, -1]"
608,20130704,093200,"[u'002294', 32.25, 7200L, -1]"
609,20130704,093200,"[u'002294', 32.25, 7200L, -1]"
610,20130704,093200,"[u'002294', 32.25, 7200L, -1]"
611,20130705,093000,"[u'002450', 27.18, 8000L, -1]"
612,20130705,093000,"[u'002450', 27.18, 8000L, -1]"
613,20130705,093000,"[u'002450', 27.18, 8000L, -1]"
614,20130705,093000,"[u'002450', 27.18, 8000L, -1]"
615,20130705,093000,"[u'002450', 27.18, 8000L, -1]"
616,20130705,093000,"[u'002450', 27.18, 8000L, -1]"
617,20130705,093000,"[u'002450', 27.18, 8000L, -1]"
618,20130708,093000,"['600770', 6.09, 16800.0, 1]"
619,20130716,093000,"[u'002232', 6.93, 31900L, -1]"
620,20130716,093000,"[u'002232', 6.93, 31900L, -1]"
621,20130716,093000,"[u'002232', 6.93, 31900L, -1]"
622,20130716,093000,"[u'002232', 6.93, 31900L, -1]"
623,20130716,093000,"[u'002232', 6.93, 31900L, -1]"
624,20130716,093000,"[u'002232', 6.93, 31900L, -1]"
625,20130716,093000,"[u'002232', 6.93, 31900L, -1]"
626,20130718,093000,"[u'600644', 7.78, 10900L, -1]"
627,20130718,093000,"[u'600644', 7.78, 10900L, -1]"
628,20130718,093000,"[u'600644', 7.78, 10900L, -1]"
629,20130718,093000,"[u'600644', 7.78, 10900L, -1]"
630,20130722,093000,"[u'600386', 6.83, 31100L, -1]"
631,20130722,093000,"[u'600386', 6.83, 31100L, -1]"
632,20130722,093000,"[u'600386', 6.83, 31100L, -1]"
633,20130722,093000,"[u'600386', 6.83, 31100L, -1]"
634,20130722,093000,"[u'600386', 6.83, 31100L, -1]"
635,20130722,093000,"[u'600386', 6.83, 31100L, -1]"
636,20130722,093000,"[u'600386', 6.83, 31100L, -1]"
637,20130722,093000,"[u'600386', 6.83, 31100L, -1]"
638,20130722,093000,"[u'600386', 6.83, 31100L, -1]"
639,20130722,093000,"[u'600386', 6.83, 31100L, -1]"
640,20130722,093000,"[u'600386', 6.83, 31100L, -1]"
641,20130723,093000,"[u'600226', 5.35, 37300L, -1]"
642,20130723,093000,"[u'600226', 5.35, 37300L, -1]"
643,20130723,093000,"[u'600226', 5.35, 37300L, -1]"
644,20130723,093000,"[u'600226', 5.35, 37300L, -1]"
645,20130723,093000,"[u'600226', 5.35, 37300L, -1]"
646,20130723,093000,"[u'600226', 5.35, 37300L, -1]"
647,20130723,093000,"[u'600226', 5.35, 37300L, -1]"
648,20130723,093000,"[u'600226', 5.35, 37300L, -1]"
649,20130723,093000,"[u'000301', 3.03, 66800L, -1]"
650,20130723,093000,"[u'600226', 5.35, 37300L, -1]"
651,20130723,093000,"[u'000301', 3.03, 66800L, -1]"
652,20130805,093000,"[u'600210', 2.83, 63500L, -1]"
653,20130805,093000,"[u'600210', 2.83, 63500L, -1]"
654,20130805,093000,"[u'600210', 2.83, 63500L, -1]"
655,20130805,093000,"[u'000936', 3.36, 53500L, -1]"
656,20130805,093000,"[u'600210', 2.83, 63500L, -1]"
657,20130805,093000,"[u'000936', 3.36, 53500L, -1]"
658,20130805,093000,"[u'600210', 2.83, 63500L, -1]"
659,20130805,093000,"[u'000936', 3.36, 53500L, -1]"
660,20130805,093000,"[u'600210', 2.83, 63500L, -1]"
661,20130805,093000,"[u'000936', 3.36, 53500L, -1]"
662,20130805,093000,"[u'600210', 2.83, 63500L, -1]"
663,20130805,093000,"[u'000936', 3.36, 53500L, -1]"
664,20130805,093200,"[u'600810', 5.06, 36900L, -1]"
665,20130805,093200,"[u'600810', 5.06, 36900L, -1]"
666,20130805,093200,"[u'000554', 3.72, 46600L, -1]"
667,20130805,093500,"[u'600866', 3.63, 45700L, -1]"
668,20130805,093500,"[u'600866', 3.63, 45700L, -1]"
669,20130805,093500,"[u'600866', 3.63, 45700L, -1]"
670,20130805,093500,"[u'600866', 3.63, 45700L, -1]"
671,20130805,093500,"[u'600866', 3.63, 45700L, -1]"
672,20130806,093000,"[u'002506', 2.93, 65300L, -1]"
673,20130806,093000,"[u'002506', 2.93, 65300L, -1]"
674,20130806,093000,"[u'002506', 2.93, 65300L, -1]"
675,20130813,093800,"[u'600436', 130.04, 1700L, -1]"
676,20130813,093800,"[u'600436', 130.04, 1700L, -1]"
677,20130813,093800,"[u'600436', 130.04, 1700L, -1]"
678,20130814,093500,"[u'600995', 5.1, 34700L, -1]"
679,20130814,093500,"[u'600995', 5.1, 34700L, -1]"
680,20130814,093500,"[u'600995', 5.1, 34700L, -1]"
681,20130819,093000,"[u'002204', 6.0, 25500L, -1]"
682,20130819,093000,"[u'002204', 6.0, 25500L, -1]"
683,20130822,093000,"[u'600300', 4.61, 34000L, -1]"
684,20130927,093000,"['600335', 14.43, 9200.0, 1]"
685,20131216,093000,"[u'600227', 2.88, 67100L, -1]"
686,20131216,093000,"[u'600227', 2.88, 67100L, -1]"
687,20131216,093000,"[u'600227', 2.88, 67100L, -1]"
688,20131216,093000,"[u'600227', 2.88, 67100L, -1]"
689,20131216,093000,"[u'600227', 2.88, 67100L, -1]"
690,20131216,093000,"[u'600227', 2.88, 67100L, -1]"
691,20131216,093000,"[u'600227', 2.88, 67100L, -1]"
692,20131216,093000,"[u'600227', 2.88, 67100L, -1]"
693,20131216,093000,"[u'002287', 21.59, 6000L, -1]"
694,20131217,093000,"['600699', 14.7, 8100.0, 1]"
695,20131217,093000,"['000688', 5.87, 20500.0, 1]"
696,20131217,093000,"['002271', 26.2, 4500.0, 1]"
697,20131217,093000,"['002493', 8.5, 14100.0, 1]"
698,20131217,093000,"['000921', 12.28, 9800.0, 1]"
699,20131217,093000,"['002572', 19.76, 6000.0, 1]"
700,20131217,093000,"['000669', 31.48, 3800.0, 1]"
701,20131217,093000,"['002416', 19.89, 6000.0, 1]"
702,20131217,093000,"['000552', 10.68, 11200.0, 1]"
703,20131217,093000,"['002251', 13.26, 9000.0, 1]"
704,20131217,093000,"['002690', 38.17, 3100.0, 1]"
705,20131217,093000,"['002371', 20.1, 5900.0, 1]"
706,20131217,093000,"['600125', 5.74, 20900.0, 1]"
707,20131217,093000,"['600894', 11.81, 10200.0, 1]"
708,20131217,093000,"['000030', 6.53, 18400.0, 1]"
709,20131217,093000,"['002092', 5.45, 22100.0, 1]"
710,20131217,093000,"['000977', 44.19, 2700.0, 1]"
711,20131217,093000,"['601718', 2.84, 42400.0, 1]"
712,20131217,093000,"['600280', 13.45, 8900.0, 1]"
713,20131217,093000,"['600508', 10.14, 11800.0, 1]"
714,20131217,093000,"['600320', 3.68, 32700.0, 1]"
715,20131217,093000,"['000409', 13.25, 9000.0, 1]"
716,20131217,093000,"['002221', 10.98, 10900.0, 1]"
717,20131217,093000,"['000422', 7.02, 17100.0, 1]"
718,20131217,093000,"['600300', 4.71, 25500.0, 1]"
719,20131217,093000,"['000049', 65.66, 1800.0, 1]"
720,20131217,093000,"['002508', 40.49, 2900.0, 1]"
721,20131217,093000,"['600881', 4.08, 29500.0, 1]"
722,20131217,093000,"['600885', 16.54, 7200.0, 1]"
723,20131217,093000,"['000799', 14.63, 8200.0, 1]"
724,20131217,093000,"['601965', 12.75, 9400.0, 1]"
725,20131217,093000,"['600120', 13.03, 9200.0, 1]"
726,20131217,093000,"['002588', 35.78, 3300.0, 1]"
727,20131217,093000,"['000780', 4.93, 24400.0, 1]"
728,20131217,093000,"['601566', 13.83, 8700.0, 1]"
729,20131217,093000,"['600640', 20.24, 5900.0, 1]"
730,20131217,093000,"['000969', 7.69, 15600.0, 1]"
731,20131217,093000,"['000788', 13.15, 9100.0, 1]"
732,20131217,093000,"['600392', 21.82, 5500.0, 1]"
733,20131217,093000,"['600754', 16.34, 7300.0, 1]"
734,20131217,093000,"['002153', 45.17, 2600.0, 1]"
735,20131217,093000,"[u'002121', 7.52, 13700L, -1]"
736,20131217,093000,"[u'002121', 7.52, 13700L, -1]"
737,20131217,093000,"[u'002121', 7.52, 13700L, -1]"
738,20131217,093000,"[u'002121', 7.52, 13700L, -1]"
739,20131217,093000,"[u'002121', 7.52, 13700L, -1]"
740,20131217,093000,"[u'600633', 33.95, 7200L, -1]"
741,20131217,093000,"[u'002121', 7.52, 13700L, -1]"
742,20131217,093000,"[u'600633', 33.95, 7200L, -1]"
743,20131217,093000,"[u'002121', 7.52, 13700L, -1]"
744,20131217,093000,"[u'600633', 33.95, 7200L, -1]"
745,20131217,093000,"[u'002121', 7.52, 13700L, -1]"
746,20131217,093000,"[u'600633', 33.95, 7200L, -1]"
747,20131217,093000,"[u'002121', 7.52, 13700L, -1]"
748,20131217,093000,"[u'600633', 33.95, 7200L, -1]"
749,20131217,093000,"[u'002121', 7.52, 13700L, -1]"
750,20131217,093000,"[u'600633', 33.95, 7200L, -1]"
751,20131217,093000,"[u'002121', 7.52, 13700L, -1]"
752,20131217,093000,"[u'600633', 33.95, 7200L, -1]"
753,20131217,093000,"[u'002121', 7.52, 13700L, -1]"
754,20131217,093000,"[u'600633', 33.95, 7200L, -1]"
755,20131217,093000,"[u'002121', 7.52, 13700L, -1]"
756,20131217,093000,"[u'600633', 33.95, 7200L, -1]"
757,20131217,093000,"[u'000959', 2.09, 35500L, -1]"
758,20131217,093000,"[u'002121', 7.52, 13700L, -1]"
759,20131217,093000,"[u'600633', 33.95, 7200L, -1]"
760,20131217,093000,"[u'000959', 2.09, 35500L, -1]"
761,20131217,093000,"[u'002121', 7.52, 13700L, -1]"
762,20131217,093000,"[u'600633', 33.95, 7200L, -1]"
763,20131217,093000,"[u'000959', 2.09, 35500L, -1]"
764,20131217,093000,"[u'002121', 7.52, 13700L, -1]"
765,20131217,093000,"[u'600633', 33.95, 7200L, -1]"
766,20131217,093000,"[u'000959', 2.09, 35500L, -1]"
767,20131217,093000,"[u'002121', 7.52, 13700L, -1]"
768,20131217,093000,"[u'600633', 33.95, 7200L, -1]"
769,20131217,093000,"[u'000959', 2.09, 35500L, -1]"
770,20131217,093000,"[u'002121', 7.52, 13700L, -1]"
771,20131217,093000,"[u'600633', 33.95, 7200L, -1]"
772,20131217,093000,"[u'000959', 2.09, 35500L, -1]"
773,20131217,093000,"[u'002121', 7.52, 13700L, -1]"
774,20131217,093000,"[u'600633', 33.95, 7200L, -1]"
775,20131217,093000,"[u'000959', 2.09, 35500L, -1]"
776,20131217,093000,"[u'002121', 7.52, 13700L, -1]"
777,20131217,093000,"[u'600633', 33.95, 7200L, -1]"
778,20131217,093000,"[u'000959', 2.09, 35500L, -1]"
779,20131217,093000,"[u'600641', 4.54, 44800L, -1]"
780,20131218,093000,"[u'000410', 5.81, 16200L, -1]"
781,20131218,093000,"[u'000410', 5.81, 16200L, -1]"
782,20131218,093000,"[u'000410', 5.81, 16200L, -1]"
783,20131218,093000,"[u'000410', 5.81, 16200L, -1]"
784,20131218,093000,"[u'000410', 5.81, 16200L, -1]"
785,20131218,093000,"[u'000410', 5.81, 16200L, -1]"
786,20131218,093000,"[u'000410', 5.81, 16200L, -1]"
787,20131218,093000,"[u'000410', 5.81, 16200L, -1]"
788,20131218,093000,"[u'000410', 5.81, 16200L, -1]"
789,20131218,093000,"[u'000410', 5.81, 16200L, -1]"
790,20131218,093000,"[u'000410', 5.81, 16200L, -1]"
791,20131218,093000,"[u'000410', 5.81, 16200L, -1]"
792,20131218,093000,"[u'000410', 5.81, 16200L, -1]"
793,20131218,093000,"[u'000410', 5.81, 16200L, -1]"
794,20131218,093000,"[u'000410', 5.81, 16200L, -1]"
795,20131218,093000,"[u'000410', 5.81, 16200L, -1]"
796,20131218,093000,"[u'000410', 5.81, 16200L, -1]"
797,20131219,093000,"[u'603000', 70.49, 2600L, -1]"
798,20131219,093000,"[u'603000', 70.49, 2600L, -1]"
799,20131219,093000,"[u'600326', 6.12, 11300L, -1]"
800,20131219,093000,"[u'603000', 70.49, 2600L, -1]"
801,20131219,093000,"[u'600326', 6.12, 11300L, -1]"
802,20131219,093000,"[u'603000', 70.49, 2600L, -1]"
803,20131219,093000,"[u'600326', 6.12, 11300L, -1]"
804,20131219,093000,"[u'603000', 70.49, 2600L, -1]"
805,20131219,093000,"[u'600326', 6.12, 11300L, -1]"
806,20131219,093000,"[u'603000', 70.49, 2600L, -1]"
807,20131219,093000,"[u'600326', 6.12, 11300L, -1]"
808,20131219,093000,"[u'603000', 70.49, 2600L, -1]"
809,20131219,093000,"[u'600326', 6.12, 11300L, -1]"
810,20131219,093000,"[u'603000', 70.49, 2600L, -1]"
811,20131219,093000,"[u'600326', 6.12, 11300L, -1]"
812,20131219,093000,"[u'603000', 70.49, 2600L, -1]"
813,20131219,093000,"[u'600326', 6.12, 11300L, -1]"
814,20131219,093000,"[u'600231', 3.31, 50600L, -1]"
815,20131219,093000,"[u'603000', 70.49, 2600L, -1]"
816,20131219,093000,"[u'600326', 6.12, 11300L, -1]"
817,20131219,093000,"[u'600231', 3.31, 50600L, -1]"
818,20131219,093000,"[u'000917', 15.55, 9900L, -1]"
819,20131219,093000,"[u'603000', 70.49, 2600L, -1]"
820,20131219,093000,"[u'600326', 6.12, 11300L, -1]"
821,20131219,093000,"[u'600231', 3.31, 50600L, -1]"
822,20131219,093000,"[u'000917', 15.55, 9900L, -1]"
823,20131219,093000,"[u'603000', 70.49, 2600L, -1]"
824,20131219,093000,"[u'600326', 6.12, 11300L, -1]"
825,20131219,093000,"[u'600231', 3.31, 50600L, -1]"
826,20131219,093000,"[u'000917', 15.55, 9900L, -1]"
827,20131219,093000,"[u'603000', 70.49, 2600L, -1]"
828,20131219,093000,"[u'600326', 6.12, 11300L, -1]"
829,20131219,093000,"[u'600231', 3.31, 50600L, -1]"
830,20131219,093000,"[u'000917', 15.55, 9900L, -1]"
831,20131219,093000,"[u'603000', 70.49, 2600L, -1]"
832,20131219,093000,"[u'600326', 6.12, 11300L, -1]"
833,20131219,093000,"[u'600231', 3.31, 50600L, -1]"
834,20131219,093000,"[u'000917', 15.55, 9900L, -1]"
835,20131219,093000,"[u'603000', 70.49, 2600L, -1]"
836,20131219,093000,"[u'600326', 6.12, 11300L, -1]"
837,20131219,093000,"[u'600231', 3.31, 50600L, -1]"
838,20131219,093000,"[u'000917', 15.55, 9900L, -1]"
839,20131219,093000,"[u'603000', 70.49, 2600L, -1]"
840,20131219,093000,"[u'600326', 6.12, 11300L, -1]"
841,20131219,093000,"[u'600231', 3.31, 50600L, -1]"
842,20131219,093000,"[u'000917', 15.55, 9900L, -1]"
843,20131223,093000,"['002368', 31.96, 3500.0, 1]"
844,20131223,093000,"[u'000932', 1.99, 94900L, -1]"
845,20131223,093000,"[u'000932', 1.99, 94900L, -1]"
846,20131223,093000,"[u'000932', 1.99, 94900L, -1]"
847,20131223,093000,"[u'000932', 1.99, 94900L, -1]"
848,20131223,093000,"[u'000932', 1.99, 94900L, -1]"
849,20131223,093000,"[u'000661', 101.0, 1600L, -1]"
850,20131223,093000,"[u'000932', 1.99, 94900L, -1]"
851,20131223,093000,"[u'000661', 101.0, 1600L, -1]"
852,20131223,093000,"[u'000932', 1.99, 94900L, -1]"
853,20131223,093000,"[u'000661', 101.0, 1600L, -1]"
854,20131224,093000,"[u'600072', 11.59, 15100L, -1]"
855,20131224,093000,"[u'600072', 11.59, 15100L, -1]"
856,20131224,093000,"[u'600072', 11.59, 15100L, -1]"
857,20131224,093000,"[u'600072', 11.59, 15100L, -1]"
858,20131224,093000,"[u'600072', 11.59, 15100L, -1]"
859,20131224,093000,"[u'600072', 11.59, 15100L, -1]"
860,20131224,093000,"[u'600072', 11.59, 15100L, -1]"
861,20131224,093000,"[u'600072', 11.59, 15100L, -1]"
862,20131224,093000,"[u'600072', 11.59, 15100L, -1]"
863,20131230,093000,"[u'000713', 9.29, 20200L, -1]"
864,20131230,093000,"[u'000713', 9.29, 20200L, -1]"
865,20140107,093000,"['000413', 17.7, 6700.0, 1]"
866,20140107,093000,"['002400', 36.6, 3200.0, 1]"
867,20140107,093000,"[u'002230', 44.52, 3200L, -1]"
868,20140107,093000,"[u'002230', 44.52, 3200L, -1]"
869,20140107,093000,"[u'002230', 44.52, 3200L, -1]"
870,20140107,093000,"[u'002230', 44.52, 3200L, -1]"
871,20140107,093000,"[u'002230', 44.52, 3200L, -1]"
872,20140108,093000,"[u'002456', 46.69, 6800L, -1]"
873,20140108,093000,"[u'002456', 46.69, 6800L, -1]"
874,20140108,093000,"[u'002456', 46.69, 6800L, -1]"
875,20140108,093000,"[u'002456', 46.69, 6800L, -1]"
876,20140108,093000,"[u'002456', 46.69, 6800L, -1]"
877,20140108,093000,"[u'002456', 46.69, 6800L, -1]"
878,20140114,093000,"[u'600330', 8.56, 35800L, -1]"
879,20140114,093000,"[u'600330', 8.56, 35800L, -1]"
880,20140114,093000,"[u'600330', 8.56, 35800L, -1]"
881,20140114,093000,"[u'600330', 8.56, 35800L, -1]"
882,20140114,093000,"[u'600330', 8.56, 35800L, -1]"
883,20140114,093000,"[u'600330', 8.56, 35800L, -1]"
884,20140114,093000,"[u'600330', 8.56, 35800L, -1]"
885,20140115,093000,"['002378', 16.51, 6600.0, 1]"
886,20140120,093000,"['600132', 14.84, 7300.0, 1]"
887,20140130,093000,"[u'002129', 18.92, 13100L, -1]"
888,20140130,093000,"[u'002129', 18.92, 13100L, -1]"
889,20140130,093000,"[u'002129', 18.92, 13100L, -1]"
890,20140130,093000,"[u'002129', 18.92, 13100L, -1]"
891,20140130,093000,"[u'002129', 18.92, 13100L, -1]"
892,20140130,093000,"[u'002129', 18.92, 13100L, -1]"
893,20140213,093100,"[u'600246', 2.84, 25700L, -1]"
894,20140213,093100,"[u'600246', 2.84, 25700L, -1]"
895,20140213,093100,"[u'600246', 2.84, 25700L, -1]"
896,20140214,093000,"[u'601886', 7.51, 13400L, -1]"
897,20140214,093000,"[u'601886', 7.51, 13400L, -1]"
898,20140220,093000,"[u'000601', 4.85, 59400L, -1]"
899,20140221,101400,"[u'600578', 3.49, 26400L, -1]"
900,20140311,093000,"['002266', 8.44, 13400.0, 1]"
901,20140415,093000,"[u'600103', 2.38, 80200L, -1]"
902,20140605,093000,"['600587', 68.79, 1300.0, 1]"
903,20140616,093000,"[u'000683', 3.63, 20500L, -1]"
904,20140616,093000,"[u'000683', 3.63, 20500L, -1]"
905,20140616,093000,"[u'000683', 3.63, 20500L, -1]"
906,20140616,093000,"[u'000683', 3.63, 20500L, -1]"
907,20140616,093000,"[u'000683', 3.63, 20500L, -1]"
908,20140616,093000,"[u'000683', 3.63, 20500L, -1]"
909,20140616,093000,"[u'000683', 3.63, 20500L, -1]"
910,20140616,093000,"[u'000683', 3.63, 20500L, -1]"
911,20140616,093000,"[u'600388', 24.96, 12400L, -1]"
912,20140616,093000,"[u'000683', 3.63, 20500L, -1]"
913,20140616,093000,"[u'600388', 24.96, 12400L, -1]"
914,20140616,093000,"[u'000683', 3.63, 20500L, -1]"
915,20140616,093000,"[u'600388', 24.96, 12400L, -1]"
916,20140616,093000,"[u'000683', 3.63, 20500L, -1]"
917,20140616,093000,"[u'600388', 24.96, 12400L, -1]"
918,20140616,093000,"[u'600277', 6.63, 30100L, -1]"
919,20140616,093000,"[u'000683', 3.63, 20500L, -1]"
920,20140616,093000,"[u'600388', 24.96, 12400L, -1]"
921,20140616,093000,"[u'600277', 6.63, 30100L, -1]"
922,20140616,093000,"[u'000683', 3.63, 20500L, -1]"
923,20140616,093000,"[u'600388', 24.96, 12400L, -1]"
924,20140616,093000,"[u'600277', 6.63, 30100L, -1]"
925,20140616,093000,"[u'000683', 3.63, 20500L, -1]"
926,20140616,093000,"[u'600388', 24.96, 12400L, -1]"
927,20140616,093000,"[u'600277', 6.63, 30100L, -1]"
928,20140616,093000,"[u'000683', 3.63, 20500L, -1]"
929,20140616,093000,"[u'600388', 24.96, 12400L, -1]"
930,20140616,093000,"[u'600277', 6.63, 30100L, -1]"
931,20140616,093000,"[u'000683', 3.63, 20500L, -1]"
932,20140616,093000,"[u'600388', 24.96, 12400L, -1]"
933,20140616,093000,"[u'600277', 6.63, 30100L, -1]"
934,20140616,093000,"[u'000683', 3.63, 20500L, -1]"
935,20140616,093000,"[u'600388', 24.96, 12400L, -1]"
936,20140616,093000,"[u'600277', 6.63, 30100L, -1]"
937,20140616,093000,"[u'000683', 3.63, 20500L, -1]"
938,20140616,093000,"[u'600388', 24.96, 12400L, -1]"
939,20140616,093000,"[u'600277', 6.63, 30100L, -1]"
940,20140617,093000,"[u'000738', 11.57, 19600L, -1]"
941,20140617,093000,"[u'000738', 11.57, 19600L, -1]"
942,20140617,093000,"[u'002493', 8.37, 14100L, -1]"
943,20140617,093000,"[u'000738', 11.57, 19600L, -1]"
944,20140617,093000,"[u'002493', 8.37, 14100L, -1]"
945,20140617,093000,"[u'000738', 11.57, 19600L, -1]"
946,20140617,093000,"[u'002493', 8.37, 14100L, -1]"
947,20140617,093000,"[u'000738', 11.57, 19600L, -1]"
948,20140617,093000,"[u'002493', 8.37, 14100L, -1]"
949,20140617,093000,"[u'600595', 3.56, 55000L, -1]"
950,20140617,093000,"[u'000738', 11.57, 19600L, -1]"
951,20140617,093000,"[u'002493', 8.37, 14100L, -1]"
952,20140617,093000,"[u'600595', 3.56, 55000L, -1]"
953,20140617,093000,"[u'000738', 11.57, 19600L, -1]"
954,20140617,093000,"[u'002493', 8.37, 14100L, -1]"
955,20140617,093000,"[u'600595', 3.56, 55000L, -1]"
956,20140617,093000,"[u'000738', 11.57, 19600L, -1]"
957,20140617,093000,"[u'002493', 8.37, 14100L, -1]"
958,20140617,093000,"[u'600595', 3.56, 55000L, -1]"
959,20140617,093000,"[u'000738', 11.57, 19600L, -1]"
960,20140617,093000,"[u'002493', 8.37, 14100L, -1]"
961,20140617,093000,"[u'600595', 3.56, 55000L, -1]"
962,20140618,093000,"['601886', 6.27, 16400.0, 1]"
963,20140618,093000,"['002128', 6.61, 15600.0, 1]"
964,20140618,093000,"['002311', 10.53, 9700.0, 1]"
965,20140618,093000,"['002358', 24.84, 4100.0, 1]"
966,20140618,093000,"['000596', 17.6, 5800.0, 1]"
967,20140618,093000,"['600967', 11.66, 8800.0, 1]"
968,20140618,093000,"['601012', 15.5, 6600.0, 1]"
969,20140618,093000,"['600811', 5.21, 19700.0, 1]"
970,20140618,093000,"['000703', 6.88, 14900.0, 1]"
971,20140618,093000,"['600859', 16.21, 6300.0, 1]"
972,20140618,093000,"['600536', 22.1, 4600.0, 1]"
973,20140618,093000,"['002595', 45.9, 2200.0, 1]"
974,20140618,093000,"['002714', 40.88, 2500.0, 1]"
975,20140618,093000,"['002018', 8.3, 12400.0, 1]"
976,20140618,093000,"['600389', 31.26, 3200.0, 1]"
977,20140618,093000,"['600266', 7.11, 14500.0, 1]"
978,20140618,093000,"['601369', 5.85, 17600.0, 1]"
979,20140618,093000,"['601717', 4.89, 21000.0, 1]"
980,20140618,093000,"['600432', 15.38, 6700.0, 1]"
981,20140618,093000,"['601099', 6.17, 16700.0, 1]"
982,20140618,093000,"['002052', 8.78, 11700.0, 1]"
983,20140618,093000,"['600187', 4.77, 21600.0, 1]"
984,20140618,093000,"['002204', 11.86, 8600.0, 1]"
985,20140618,093000,"['600201', 31.78, 3200.0, 1]"
986,20140618,093000,"['000528', 5.83, 17600.0, 1]"
987,20140618,093000,"['000933', 3.58, 28800.0, 1]"
988,20140618,093000,"['600694', 25.81, 3900.0, 1]"
989,20140618,093000,"['600823', 8.45, 12200.0, 1]"
990,20140618,093000,"['600582', 8.91, 11500.0, 1]"
991,20140618,093000,"['600970', 6.82, 15100.0, 1]"
992,20140618,093000,"['600971', 5.29, 19400.0, 1]"
993,20140618,093000,"['002032', 13.63, 7500.0, 1]"
994,20140618,093000,"['600997', 4.34, 23700.0, 1]"
995,20140618,093000,"['600803', 11.85, 8700.0, 1]"
996,20140618,093000,"['603555', 11.61, 8800.0, 1]"
997,20140618,093000,"['601101', 5.48, 18800.0, 1]"
998,20140618,093000,"['600175', 5.91, 17400.0, 1]"
999,20140618,093000,"['002705', 13.92, 7400.0, 1]"
1000,20140618,093000,"['600528', 4.64, 22200.0, 1]"
1001,20140618,093000,"['600398', 9.28, 11100.0, 1]"
1002,20140618,093000,"['002155', 7.16, 14400.0, 1]"
1003,20140618,093000,"['600566', 22.9, 4500.0, 1]"
1004,20140618,093000,"['600169', 2.78, 37000.0, 1]"
1005,20140618,093000,"[u'600470', 5.69, 26700L, -1]"
1006,20140618,093000,"[u'600470', 5.69, 26700L, -1]"
1007,20140618,093000,"[u'600470', 5.69, 26700L, -1]"
1008,20140619,093000,"[u'600717', 7.99, 28200L, -1]"
1009,20140619,093000,"[u'600717', 7.99, 28200L, -1]"
1010,20140619,093000,"[u'600717', 7.99, 28200L, -1]"
1011,20140619,093000,"[u'600717', 7.99, 28200L, -1]"
1012,20140619,093000,"[u'600717', 7.99, 28200L, -1]"
1013,20140619,093000,"[u'600717', 7.99, 28200L, -1]"
1014,20140619,093000,"[u'600717', 7.99, 28200L, -1]"
1015,20140619,093000,"[u'600717', 7.99, 28200L, -1]"
1016,20140619,093000,"[u'600717', 7.99, 28200L, -1]"
1017,20140619,093000,"[u'600717', 7.99, 28200L, -1]"
1018,20140619,093000,"[u'600717', 7.99, 28200L, -1]"
1019,20140620,093000,"[u'000822', 2.94, 55200L, -1]"
1020,20140620,093000,"[u'000822', 2.94, 55200L, -1]"
1021,20140620,093000,"[u'000822', 2.94, 55200L, -1]"
1022,20140620,093000,"[u'000822', 2.94, 55200L, -1]"
1023,20140620,093000,"[u'002008', 16.03, 18200L, -1]"
1024,20140620,093000,"[u'000822', 2.94, 55200L, -1]"
1025,20140620,093000,"[u'002008', 16.03, 18200L, -1]"
1026,20140620,093000,"[u'000822', 2.94, 55200L, -1]"
1027,20140620,093000,"[u'002008', 16.03, 18200L, -1]"
1028,20140704,093000,"[u'601929', 11.6, 23600L, -1]"
1029,20140709,093000,"['002431', 18.17, 5700.0, 1]"
1030,20140709,093000,"['600160', 4.95, 21200.0, 1]"
1031,20140710,093000,"[u'600880', 11.14, 24640L, -1]"
1032,20140710,093000,"[u'600880', 11.14, 24640L, -1]"
1033,20140710,093000,"[u'600880', 11.14, 24640L, -1]"
1034,20140710,093000,"[u'600880', 11.14, 24640L, -1]"
1035,20140710,093000,"[u'600880', 11.14, 24640L, -1]"
1036,20140710,093000,"[u'600880', 11.14, 24640L, -1]"
1037,20140715,093000,"[u'002292', 34.37, 8100L, -1]"
1038,20140715,093000,"[u'002292', 34.37, 8100L, -1]"
1039,20140715,093000,"[u'002292', 34.37, 8100L, -1]"
1040,20140715,093700,"[u'600841', 9.8, 16500L, -1]"
1041,20140715,093700,"[u'600841', 9.8, 16500L, -1]"
1042,20140715,093700,"[u'600841', 9.8, 16500L, -1]"
1043,20140716,093300,"[u'600106', 3.53, 49900L, -1]"
1044,20140716,093300,"[u'600106', 3.53, 49900L, -1]"
1045,20140717,093000,"[u'601588', 2.52, 79400L, -1]"
1046,20140724,093000,"[u'000042', 11.36, 17600L, -1]"
1047,20140724,093000,"[u'000042', 11.36, 17600L, -1]"
1048,20140724,093000,"[u'000042', 11.36, 17600L, -1]"
1049,20140728,093000,"['000693', 22.33, 4800.0, 1]"
1050,20140731,093000,"[u'000413', 7.65, 34800L, -1]"
1051,20140731,093000,"[u'000413', 7.65, 34800L, -1]"
1052,20140911,093000,"[u'600223', 4.11, 43800L, -1]"
1053,20140918,093000,"['002069', 15.19, 7500.0, 1]"
1054,20141113,093000,"['002551', 27.6, 4200.0, 1]"
1055,20141215,093000,"[u'600038', 38.0, 8300L, -1]"
1056,20141215,093000,"[u'600038', 38.0, 8300L, -1]"
1057,20141215,093000,"[u'600038', 38.0, 8300L, -1]"
1058,20141215,093000,"[u'600038', 38.0, 8300L, -1]"
1059,20141215,093000,"[u'600038', 38.0, 8300L, -1]"
1060,20141215,093000,"[u'600038', 38.0, 8300L, -1]"
1061,20141215,093000,"[u'600038', 38.0, 8300L, -1]"
1062,20141215,093000,"[u'600479', 16.2, 8300L, -1]"
1063,20141215,093000,"[u'600038', 38.0, 8300L, -1]"
1064,20141215,093000,"[u'600479', 16.2, 8300L, -1]"
1065,20141215,093000,"[u'600038', 38.0, 8300L, -1]"
1066,20141215,093000,"[u'600479', 16.2, 8300L, -1]"
1067,20141215,093000,"[u'600038', 38.0, 8300L, -1]"
1068,20141215,093000,"[u'600479', 16.2, 8300L, -1]"
1069,20141215,093000,"[u'600038', 38.0, 8300L, -1]"
1070,20141215,093000,"[u'600479', 16.2, 8300L, -1]"
1071,20141215,093000,"[u'600038', 38.0, 8300L, -1]"
1072,20141215,093000,"[u'600479', 16.2, 8300L, -1]"
1073,20141215,093000,"[u'600038', 38.0, 8300L, -1]"
1074,20141215,093000,"[u'600479', 16.2, 8300L, -1]"
1075,20141215,093000,"[u'600038', 38.0, 8300L, -1]"
1076,20141215,093000,"[u'600479', 16.2, 8300L, -1]"
1077,20141215,102100,"[u'000935', 6.99, 32000L, -1]"
1078,20141215,102100,"[u'000935', 6.99, 32000L, -1]"
1079,20141215,102100,"[u'000935', 6.99, 32000L, -1]"
1080,20141215,102100,"[u'000935', 6.99, 32000L, -1]"
1081,20141215,102100,"[u'000935', 6.99, 32000L, -1]"
1082,20141215,102100,"[u'000935', 6.99, 32000L, -1]"
1083,20141215,102100,"[u'000935', 6.99, 32000L, -1]"
1084,20141215,102100,"[u'000935', 6.99, 32000L, -1]"
1085,20141215,102100,"[u'000935', 6.99, 32000L, -1]"
1086,20141215,102100,"[u'000935', 6.99, 32000L, -1]"
1087,20141216,102900,"[u'000518', 6.05, 25600L, -1]"
1088,20141216,102900,"[u'000518', 6.05, 25600L, -1]"
1089,20141216,102900,"[u'000518', 6.05, 25600L, -1]"
1090,20141216,102900,"[u'000518', 6.05, 25600L, -1]"
1091,20141216,102900,"[u'000518', 6.05, 25600L, -1]"
1092,20141216,102900,"[u'000518', 6.05, 25600L, -1]"
1093,20141216,102900,"[u'000518', 6.05, 25600L, -1]"
1094,20141216,102900,"[u'000518', 6.05, 25600L, -1]"
1095,20141216,102900,"[u'000518', 6.05, 25600L, -1]"
1096,20141216,102900,"[u'000518', 6.05, 25600L, -1]"
1097,20141216,102900,"[u'000518', 6.05, 25600L, -1]"
1098,20141216,102900,"[u'000518', 6.05, 25600L, -1]"
1099,20141216,102900,"[u'000518', 6.05, 25600L, -1]"
1100,20141216,102900,"[u'000518', 6.05, 25600L, -1]"
1101,20141216,102900,"[u'000518', 6.05, 25600L, -1]"
1102,20141217,112800,"[u'601100', 12.23, 18900L, -1]"
1103,20141217,112800,"[u'601100', 12.23, 18900L, -1]"
1104,20141218,093000,"[u'600268', 7.28, 16900L, -1]"
1105,20141218,093000,"[u'600268', 7.28, 16900L, -1]"
1106,20141219,093000,"['600259', 51.96, 2200.0, 1]"
1107,20141219,093000,"['600216', 11.08, 10500.0, 1]"
1108,20141219,093000,"['000519', 14.82, 7800.0, 1]"
1109,20141219,093000,"['600317', 5.35, 21800.0, 1]"
1110,20141219,093000,"['000681', 23.58, 4900.0, 1]"
1111,20141219,093000,"['600219', 8.39, 13900.0, 1]"
1112,20141219,093000,"['300059', 33.78, 3400.0, 1]"
1113,20141219,093000,"['002390', 20.7, 5600.0, 1]"
1114,20141219,093000,"['000555', 45.99, 2500.0, 1]"
1115,20141219,093000,"['000661', 91.44, 1200.0, 1]"
1116,20141219,093000,"['000748', 40.29, 2900.0, 1]"
1117,20141219,093000,"['002106', 13.9, 8400.0, 1]"
1118,20141219,093000,"['002299', 13.34, 8700.0, 1]"
1119,20141219,093000,"['000961', 11.84, 9800.0, 1]"
1120,20141219,093000,"['600895', 11.91, 9800.0, 1]"
1121,20141219,093000,"['000012', 8.63, 13500.0, 1]"
1122,20141219,093000,"['300168', 49.36, 2300.0, 1]"
1123,20141219,093000,"['300202', 32.55, 3500.0, 1]"
1124,20141219,093000,"['000959', 5.11, 22800.0, 1]"
1125,20141219,093000,"['600433', 11.81, 9800.0, 1]"
1126,20141219,093000,"['300088', 18.01, 6400.0, 1]"
1127,20141219,093000,"['300147', 18.57, 6200.0, 1]"
1128,20141219,093000,"['000758', 13.75, 8500.0, 1]"
1129,20141219,093000,"['600062', 21.36, 5400.0, 1]"
1130,20141219,093000,"['000656', 14.61, 8000.0, 1]"
1131,20141219,093000,"['600376', 7.94, 14700.0, 1]"
1132,20141219,093000,"['002665', 42.6, 2700.0, 1]"
1133,20141219,093000,"['002174', 52.54, 2200.0, 1]"
1134,20141219,093000,"['002030', 22.96, 5000.0, 1]"
1135,20141219,093000,"['000062', 17.25, 6700.0, 1]"
1136,20141219,093000,"['603005', 44.38, 2600.0, 1]"
1137,20141219,093000,"['002240', 24.86, 4700.0, 1]"
1138,20141219,093000,"['300273', 23.71, 4900.0, 1]"
1139,20141219,093000,"['002727', 45.85, 2500.0, 1]"
1140,20141219,093000,"['600098', 9.12, 12800.0, 1]"
1141,20141219,093000,"['002269', 12.07, 9600.0, 1]"
1142,20141219,093000,"['601001', 8.83, 13200.0, 1]"
1143,20141219,093000,"['603328', 25.3, 4600.0, 1]"
1144,20141219,093000,"['601666', 5.55, 21000.0, 1]"
1145,20141219,093000,"['300115', 19.43, 6000.0, 1]"
1146,20141219,093000,"['600546', 5.52, 21100.0, 1]"
1147,20141219,093000,"['603369', 27.85, 4100.0, 1]"
1148,20141219,093000,"['300134', 40.7, 2800.0, 1]"
1149,20141219,093000,"['300039', 14.07, 8300.0, 1]"
1150,20141219,093000,"[u'600724', 5.79, 23600L, -1]"
1151,20141219,093000,"[u'600724', 5.79, 23600L, -1]"
1152,20141219,093000,"[u'600724', 5.79, 23600L, -1]"
1153,20141219,093000,"[u'600724', 5.79, 23600L, -1]"
1154,20141219,093000,"[u'600724', 5.79, 23600L, -1]"
1155,20141219,093000,"[u'600724', 5.79, 23600L, -1]"
1156,20141219,093000,"[u'600724', 5.79, 23600L, -1]"
1157,20141219,093000,"[u'600724', 5.79, 23600L, -1]"
1158,20141219,093000,"[u'600724', 5.79, 23600L, -1]"
1159,20141219,093000,"[u'600724', 5.79, 23600L, -1]"
1160,20141219,093000,"[u'600724', 5.79, 23600L, -1]"
1161,20141219,093000,"[u'600724', 5.79, 23600L, -1]"
1162,20141224,093000,"[u'002305', 6.88, 15300L, -1]"
1163,20141224,093000,"[u'002305', 6.88, 15300L, -1]"
1164,20141224,093000,"[u'002305', 6.88, 15300L, -1]"
1165,20141224,093000,"[u'002305', 6.88, 15300L, -1]"
1166,20141224,093000,"[u'002305', 6.88, 15300L, -1]"
1167,20141226,093000,"[u'002447', 15.05, 11100L, -1]"
1168,20141226,093000,"[u'002447', 15.05, 11100L, -1]"
1169,20141226,093000,"[u'002447', 15.05, 11100L, -1]"
1170,20141226,093000,"[u'002447', 15.05, 11100L, -1]"
1171,20141226,093000,"[u'002447', 15.05, 11100L, -1]"
1172,20141226,093000,"[u'002447', 15.05, 11100L, -1]"
1173,20141226,093000,"[u'002447', 15.05, 11100L, -1]"
1174,20141226,093000,"[u'002447', 15.05, 11100L, -1]"
1175,20141226,093000,"[u'002447', 15.05, 11100L, -1]"
1176,20141229,093100,"[u'000409', 10.36, 9000L, -1]"
1177,20141229,093100,"[u'000409', 10.36, 9000L, -1]"
1178,20141229,093100,"[u'000409', 10.36, 9000L, -1]"
1179,20141229,093100,"[u'000409', 10.36, 9000L, -1]"
1180,20141229,093100,"[u'000409', 10.36, 9000L, -1]"
1181,20141229,093100,"[u'000409', 10.36, 9000L, -1]"
1182,20141231,093000,"['002505', 7.13, 16000.0, 1]"
1183,20141231,093000,"['601872', 6.12, 18700.0, 1]"
1184,20150105,093000,"[u'601616', 5.09, 49500L, -1]"
1185,20150105,093000,"[u'601616', 5.09, 49500L, -1]"
1186,20150105,093000,"[u'601616', 5.09, 49500L, -1]"
1187,20150108,093000,"[u'601339', 11.03, 23600L, -1]"
1188,20150113,093000,"[u'000655', 9.18, 7700L, -1]"
1189,20150113,093000,"[u'000655', 9.18, 7700L, -1]"
1190,20150113,093000,"[u'600322', 4.34, 25500L, -1]"
1191,20150113,093000,"[u'000655', 9.18, 7700L, -1]"
1192,20150113,093000,"[u'600322', 4.34, 25500L, -1]"
1193,20150113,093000,"[u'600888', 7.53, 27400L, -1]"
1194,20150113,093000,"[u'000655', 9.18, 7700L, -1]"
1195,20150113,093000,"[u'600322', 4.34, 25500L, -1]"
1196,20150113,093000,"[u'600888', 7.53, 27400L, -1]"
1197,20150113,093000,"[u'000655', 9.18, 7700L, -1]"
1198,20150113,093000,"[u'600322', 4.34, 25500L, -1]"
1199,20150113,093000,"[u'600888', 7.53, 27400L, -1]"
1200,20150113,093000,"[u'000655', 9.18, 7700L, -1]"
1201,20150113,093000,"[u'600322', 4.34, 25500L, -1]"
1202,20150113,093000,"[u'600888', 7.53, 27400L, -1]"
1203,20150115,093000,"[u'002534', 17.68, 7200L, -1]"
1204,20150115,093900,"[u'002049', 28.59, 13700L, -1]"
1205,20150116,104300,"[u'600311', 6.78, 12100L, -1]"
1206,20150116,104300,"[u'600311', 6.78, 12100L, -1]"
1207,20150116,104300,"[u'600311', 6.78, 12100L, -1]"
1208,20150116,104300,"[u'600311', 6.78, 12100L, -1]"
1209,20150121,093900,"[u'002075', 5.08, 40300L, -1]"
1210,20150130,093000,"['300253', 94.89, 1200.0, 1]"
1211,20150130,093000,"['000718', 6.37, 18300.0, 1]"
1212,20150203,093000,"[u'600139', 12.38, 10200L, -1]"
1213,20150203,093000,"[u'600139', 12.38, 10200L, -1]"
1214,20150203,093000,"[u'600139', 12.38, 10200L, -1]"
1215,20150203,093000,"[u'000799', 15.4, 8200L, -1]"
1216,20150210,093000,"[u'600723', 8.35, 13300L, -1]"
1217,20150210,093000,"[u'600723', 8.35, 13300L, -1]"
1218,20150507,093000,"['300144', 68.01, 1600.0, 1]"
1219,20150508,093000,"[u'600491', 13.13, 17400L, -1]"
1220,20150623,093000,"[u'600432', 19.88, 6700L, -1]"
1221,20150624,093000,"['002466', 76.02, 1600.0, 1]"
1222,20150624,093000,"['300043', 19.01, 6600.0, 1]"
1223,20150624,093000,"['601139', 12.81, 9900.0, 1]"
1224,20150624,093000,"['600617', 22.12, 5700.0, 1]"
1225,20150624,093000,"['603699', 28.17, 4500.0, 1]"
1226,20150624,093000,"['603899', 44.0, 2800.0, 1]"
1227,20150624,093000,"['002049', 57.06, 2200.0, 1]"
1228,20150624,093000,"['601005', 6.52, 19400.0, 1]"
1229,20150624,093000,"['002143', 33.08, 3800.0, 1]"
1230,20150624,093000,"['300072', 34.34, 3600.0, 1]"
1231,20150624,093000,"['300267', 40.59, 3100.0, 1]"
1232,20150624,093000,"['600498', 32.37, 3900.0, 1]"
1233,20150703,093000,"['601226', 14.41, 8700.0, 1]"
1234,20150724,093000,"['000582', 21.4, 5800.0, 1]"
1235,20150825,093000,"[u'002123', 14.69, 11300L, -1]"
1236,20151214,093000,"['002568', 41.0, 2900.0, 1]"
1237,20151214,093000,"['002493', 11.94, 10200.0, 1]"
1238,20151214,093000,"['002653', 21.18, 5700.0, 1]"
1239,20151214,093000,"['300122', 37.15, 3300.0, 1]"
1240,20151214,093000,"['002085', 34.47, 3500.0, 1]"
1241,20151214,093000,"['600022', 2.93, 41800.0, 1]"
1242,20151214,093000,"['002180', 43.24, 2800.0, 1]"
1243,20151214,093000,"['300085', 62.67, 1900.0, 1]"
1244,20151214,093000,"['603567', 51.5, 2300.0, 1]"
1245,20151214,093000,"['603025', 38.1, 3200.0, 1]"
1246,20151215,140200,"[u'600737', 14.92, 18900L, -1]"
1247,20151228,093000,"[u'000962', 13.5, 18000L, -1]"
1248,20160104,093000,"['600074', 16.46, 8600.0, 1]"
1249,20160115,093000,"['300182', 18.27, 6500.0, 1]"
1250,20160613,093000,"[u'002648', 8.77, 26500L, -1]"
1251,20160613,093000,"[u'002648', 8.77, 26500L, -1]"
1252,20160613,093000,"[u'002568', 21.84, 2900L, -1]"
1253,20160613,093000,"[u'002648', 8.77, 26500L, -1]"
1254,20160613,093000,"[u'002568', 21.84, 2900L, -1]"
1255,20160613,093000,"[u'002648', 8.77, 26500L, -1]"
1256,20160613,093000,"[u'002568', 21.84, 2900L, -1]"
1257,20160613,093000,"[u'002648', 8.77, 26500L, -1]"
1258,20160613,093000,"[u'002568', 21.84, 2900L, -1]"
1259,20160613,093000,"[u'002648', 8.77, 26500L, -1]"
1260,20160613,093000,"[u'002568', 21.84, 2900L, -1]"
1261,20160613,093000,"[u'002648', 8.77, 26500L, -1]"
1262,20160613,093000,"[u'002568', 21.84, 2900L, -1]"
1263,20160613,093000,"[u'002648', 8.77, 26500L, -1]"
1264,20160613,093000,"[u'002568', 21.84, 2900L, -1]"
1265,20160613,093000,"[u'002648', 8.77, 26500L, -1]"
1266,20160613,093000,"[u'002568', 21.84, 2900L, -1]"
1267,20160613,093000,"[u'002648', 8.77, 26500L, -1]"
1268,20160613,093000,"[u'002568', 21.84, 2900L, -1]"
1269,20160613,093000,"[u'002648', 8.77, 26500L, -1]"
1270,20160613,093000,"[u'002568', 21.84, 2900L, -1]"
1271,20160613,093000,"[u'002648', 8.77, 26500L, -1]"
1272,20160613,093000,"[u'002568', 21.84, 2900L, -1]"
1273,20160613,093000,"[u'002648', 8.77, 26500L, -1]"
1274,20160613,093000,"[u'002568', 21.84, 2900L, -1]"
1275,20160613,093000,"[u'002648', 8.77, 26500L, -1]"
1276,20160613,093000,"[u'002568', 21.84, 2900L, -1]"
1277,20160613,093000,"[u'002648', 8.77, 26500L, -1]"
1278,20160613,093000,"[u'002568', 21.84, 2900L, -1]"
1279,20160613,093000,"[u'002648', 8.77, 26500L, -1]"
1280,20160613,093000,"[u'002568', 21.84, 2900L, -1]"
1281,20160613,093000,"[u'002648', 8.77, 26500L, -1]"
1282,20160613,093000,"[u'002568', 21.84, 2900L, -1]"
1283,20160613,093000,"[u'002648', 8.77, 26500L, -1]"
1284,20160613,093000,"[u'002568', 21.84, 2900L, -1]"
1285,20160613,093000,"[u'600803', 12.61, 17400L, -1]"
1286,20160614,093000,"['000727', 6.34, 18900.0, 1]"
1287,20160614,093000,"['002589', 27.95, 4200.0, 1]"
1288,20160614,093000,"['600053', 32.39, 3700.0, 1]"
1289,20160614,093000,"['002002', 17.38, 6900.0, 1]"
1290,20160614,093000,"['002699', 34.37, 3400.0, 1]"
1291,20160614,093000,"['002261', 12.84, 9300.0, 1]"
1292,20160614,093000,"['002353', 19.85, 6000.0, 1]"
1293,20160614,093000,"['000983', 6.89, 17400.0, 1]"
1294,20160614,093000,"['002375', 10.8, 11100.0, 1]"
1295,20160614,093000,"['002512', 19.08, 6200.0, 1]"
1296,20160614,093000,"['600623', 18.72, 6400.0, 1]"
1297,20160614,093000,"['300287', 11.2, 10700.0, 1]"
1298,20160614,093000,"['000878', 9.69, 12300.0, 1]"
1299,20160614,093000,"['603198', 22.61, 5300.0, 1]"
1300,20160614,093000,"['601155', 8.97, 13300.0, 1]"
1301,20160614,093000,"['300032', 16.57, 7200.0, 1]"
1302,20160614,093000,"['300001', 20.58, 5800.0, 1]"
1303,20160614,093000,"['002038', 28.76, 4100.0, 1]"
1304,20160614,093000,"['000937', 5.04, 23700.0, 1]"
1305,20160614,093000,"['600682', 25.57, 4600.0, 1]"
1306,20160614,093000,"['002310', 21.6, 5500.0, 1]"
1307,20160614,093000,"['000810', 16.18, 7400.0, 1]"
1308,20160614,093000,"['000158', 13.1, 9100.0, 1]"
1309,20160614,093000,"['601699', 6.07, 19700.0, 1]"
1310,20160614,093000,"['002268', 31.68, 3700.0, 1]"
1311,20160614,093000,"['000581', 19.03, 6300.0, 1]"
1312,20160614,093000,"['002624', 36.41, 3200.0, 1]"
1313,20160614,093000,"['002074', 38.0, 3100.0, 1]"
1314,20160614,093000,"['002602', 19.2, 6200.0, 1]"
1315,20160614,093000,"['600633', 14.23, 8400.0, 1]"
1316,20160614,093000,"['002640', 15.58, 7600.0, 1]"
1317,20160614,093000,"['600717', 8.64, 13800.0, 1]"
1318,20160614,093000,"['002426', 23.46, 5100.0, 1]"
1319,20160614,093000,"['000008', 11.32, 10500.0, 1]"
1320,20160614,093000,"['600687', 16.11, 7400.0, 1]"
1321,20160614,093000,"['600277', 6.11, 19600.0, 1]"
1322,20160614,093000,"['600565', 6.33, 18900.0, 1]"
1323,20160614,093000,"['600466', 7.66, 15600.0, 1]"
1324,20160614,093000,"[u'600074', 14.8, 8600L, -1]"
1325,20160614,093000,"[u'600074', 14.8, 8600L, -1]"
1326,20160614,093000,"[u'600074', 14.8, 8600L, -1]"
1327,20160614,093000,"[u'600074', 14.8, 8600L, -1]"
1328,20160614,093000,"[u'002204', 8.08, 23400L, -1]"
1329,20160614,093000,"[u'600074', 14.8, 8600L, -1]"
1330,20160614,093000,"[u'002204', 8.08, 23400L, -1]"
1331,20160614,093000,"[u'600074', 14.8, 8600L, -1]"
1332,20160614,093000,"[u'002204', 8.08, 23400L, -1]"
1333,20160614,093000,"[u'600074', 14.8, 8600L, -1]"
1334,20160614,093000,"[u'002204', 8.08, 23400L, -1]"
1335,20160614,093000,"[u'600074', 14.8, 8600L, -1]"
1336,20160614,093000,"[u'002204', 8.08, 23400L, -1]"
1337,20160614,093000,"[u'600074', 14.8, 8600L, -1]"
1338,20160614,093000,"[u'002204', 8.08, 23400L, -1]"
1339,20160614,093000,"[u'600074', 14.8, 8600L, -1]"
1340,20160614,093000,"[u'002204', 8.08, 23400L, -1]"
1341,20160614,093000,"[u'600074', 14.8, 8600L, -1]"
1342,20160614,093000,"[u'002204', 8.08, 23400L, -1]"
1343,20160614,093000,"[u'600074', 14.8, 8600L, -1]"
1344,20160614,093000,"[u'002204', 8.08, 23400L, -1]"
1345,20160614,093000,"[u'600074', 14.8, 8600L, -1]"
1346,20160614,093000,"[u'002204', 8.08, 23400L, -1]"
1347,20160614,093000,"[u'600074', 14.8, 8600L, -1]"
1348,20160614,093000,"[u'002204', 8.08, 23400L, -1]"
1349,20160614,093000,"[u'600074', 14.8, 8600L, -1]"
1350,20160614,093000,"[u'002204', 8.08, 23400L, -1]"
1351,20160614,093000,"[u'600074', 14.8, 8600L, -1]"
1352,20160614,093000,"[u'002204', 8.08, 23400L, -1]"
1353,20160614,093000,"[u'600429', 7.51, 32300L, -1]"
1354,20160615,093000,"[u'600337', 11.79, 17600L, -1]"
1355,20160615,093000,"[u'600337', 11.79, 17600L, -1]"
1356,20160615,093000,"[u'600337', 11.79, 17600L, -1]"
1357,20160615,093000,"[u'600337', 11.79, 17600L, -1]"
1358,20160615,093000,"[u'600337', 11.79, 17600L, -1]"
1359,20160615,093000,"[u'600337', 11.79, 17600L, -1]"
1360,20160615,093000,"[u'600337', 11.79, 17600L, -1]"
1361,20160615,093000,"[u'600337', 11.79, 17600L, -1]"
1362,20160615,093000,"[u'600337', 11.79, 17600L, -1]"
1363,20160615,093000,"[u'600337', 11.79, 17600L, -1]"
1364,20160615,093000,"[u'600337', 11.79, 17600L, -1]"
1365,20160615,093000,"[u'600337', 11.79, 17600L, -1]"
1366,20160615,093000,"[u'600337', 11.79, 17600L, -1]"
1367,20160615,093000,"[u'600816', 15.72, 23850L, -1]"
1368,20160617,093000,"['002366', 56.3, 2100.0, 1]"
1369,20160621,093000,"[u'600797', 10.9, 22900L, -1]"
1370,20160621,093000,"[u'600797', 10.9, 22900L, -1]"
1371,20160621,093000,"[u'600797', 10.9, 22900L, -1]"
1372,20160621,093000,"[u'600797', 10.9, 22900L, -1]"
1373,20160621,093000,"[u'600797', 10.9, 22900L, -1]"
1374,20160621,093000,"[u'600797', 10.9, 22900L, -1]"
1375,20160622,093000,"[u'002493', 11.4, 10200L, -1]"
1376,20160622,093000,"[u'002493', 11.4, 10200L, -1]"
1377,20160622,093000,"[u'002493', 11.4, 10200L, -1]"
1378,20160622,093000,"[u'002493', 11.4, 10200L, -1]"
1379,20160622,093000,"[u'002493', 11.4, 10200L, -1]"
1380,20160622,093000,"[u'002493', 11.4, 10200L, -1]"
1381,20160622,093000,"[u'002493', 11.4, 10200L, -1]"
1382,20160622,093000,"[u'002493', 11.4, 10200L, -1]"
1383,20160622,093000,"[u'002493', 11.4, 10200L, -1]"
1384,20160623,093000,"[u'603369', 13.09, 10250L, -1]"
1385,20160623,093000,"[u'603369', 13.09, 10250L, -1]"
1386,20160623,093000,"[u'603369', 13.09, 10250L, -1]"
1387,20160623,095900,"[u'000650', 7.68, 22500L, -1]"
1388,20160623,095900,"[u'000650', 7.68, 22500L, -1]"
1389,20160623,095900,"[u'000650', 7.68, 22500L, -1]"
1390,20160623,095900,"[u'000650', 7.68, 22500L, -1]"
1391,20160623,095900,"[u'000650', 7.68, 22500L, -1]"
1392,20160623,095900,"[u'000650', 7.68, 22500L, -1]"
1393,20160623,095900,"[u'000650', 7.68, 22500L, -1]"
1394,20160623,095900,"[u'000650', 7.68, 22500L, -1]"
1395,20160623,095900,"[u'000650', 7.68, 22500L, -1]"
1396,20160627,093000,"[u'002174', 28.02, 6600L, -1]"
1397,20160627,093000,"[u'002174', 28.02, 6600L, -1]"
1398,20160627,093000,"[u'002174', 28.02, 6600L, -1]"
1399,20160628,093000,"[u'600546', 3.03, 21100L, -1]"
1400,20160628,093000,"[u'600546', 3.03, 21100L, -1]"
1401,20160628,093000,"[u'600546', 3.03, 21100L, -1]"
1402,20160629,093100,"[u'300085', 29.9, 2470L, -1]"
1403,20160629,093100,"[u'300085', 29.9, 2470L, -1]"
1404,20160629,093100,"[u'300085', 29.9, 2470L, -1]"
1405,20160630,094000,"[u'600780', 5.03, 14000L, -1]"
1406,20160630,094000,"[u'600780', 5.03, 14000L, -1]"
1407,20160701,093000,"[u'000732', 19.47, 12300L, -1]"
1408,20160701,093000,"[u'000732', 19.47, 12300L, -1]"
1409,20160701,093000,"[u'000732', 19.47, 12300L, -1]"
1410,20160701,093000,"[u'000732', 19.47, 12300L, -1]"
1411,20160701,093200,"[u'002419', 12.0, 21300L, -1]"
1412,20160701,093200,"[u'002419', 12.0, 21300L, -1]"
1413,20160719,093000,"['002131', 18.21, 7200.0, 1]"
1414,20160720,093000,"[u'000525', 13.4, 8500L, -1]"
1415,20160720,093000,"[u'000525', 13.4, 8500L, -1]"
1416,20160727,093000,"[u'002237', 13.5, 14500L, -1]"
1417,20160729,093000,"['300010', 19.22, 6500.0, 1]"
1418,20160729,093000,"['300113', 34.9, 3600.0, 1]"
1419,20160729,093000,"[u'002203', 7.53, 26400L, -1]"
1420,20160729,093000,"[u'002203', 7.53, 26400L, -1]"
1421,20160823,093000,"[u'300122', 16.34, 6600L, -1]"
1422,20160826,093000,"['600166', 2.78, 48700.0, 1]"
1423,20160908,093000,"[u'000718', 9.01, 23790L, -1]"
1424,20161020,093000,"[u'600654', 21.97, 33400L, -1]"
1425,20161031,093000,"[u'000582', 17.11, 12100L, -1]"
1426,20161206,093000,"['300166', 23.24, 5500.0, 1]"
1427,20161212,093000,"[u'601226', 8.9, 8700L, -1]"
1428,20161212,093000,"[u'601226', 8.9, 8700L, -1]"
1429,20161212,093000,"[u'600617', 11.3, 5700L, -1]"
1430,20161212,093000,"[u'601226', 8.9, 8700L, -1]"
1431,20161212,093000,"[u'600617', 11.3, 5700L, -1]"
1432,20161212,093000,"[u'601226', 8.9, 8700L, -1]"
1433,20161212,093000,"[u'600617', 11.3, 5700L, -1]"
1434,20161212,093000,"[u'601226', 8.9, 8700L, -1]"
1435,20161212,093000,"[u'600617', 11.3, 5700L, -1]"
1436,20161212,093000,"[u'601226', 8.9, 8700L, -1]"
1437,20161212,093000,"[u'600617', 11.3, 5700L, -1]"
1438,20161212,093000,"[u'601226', 8.9, 8700L, -1]"
1439,20161212,093000,"[u'600617', 11.3, 5700L, -1]"
1440,20161212,093000,"[u'601226', 8.9, 8700L, -1]"
1441,20161212,093000,"[u'600617', 11.3, 5700L, -1]"
1442,20161212,093000,"[u'600004', 14.68, 14000L, -1]"
1443,20161212,093000,"[u'601226', 8.9, 8700L, -1]"
1444,20161212,093000,"[u'600617', 11.3, 5700L, -1]"
1445,20161212,093000,"[u'600004', 14.68, 14000L, -1]"
1446,20161212,093000,"[u'000671', 6.1, 8700L, -1]"
1447,20161212,093000,"[u'601226', 8.9, 8700L, -1]"
1448,20161212,093000,"[u'600617', 11.3, 5700L, -1]"
1449,20161212,093000,"[u'600004', 14.68, 14000L, -1]"
1450,20161212,093000,"[u'000671', 6.1, 8700L, -1]"
1451,20161212,093000,"[u'601226', 8.9, 8700L, -1]"
1452,20161212,093000,"[u'600617', 11.3, 5700L, -1]"
1453,20161212,093000,"[u'600004', 14.68, 14000L, -1]"
1454,20161212,093000,"[u'000671', 6.1, 8700L, -1]"
1455,20161212,093000,"[u'601226', 8.9, 8700L, -1]"
1456,20161212,093000,"[u'600617', 11.3, 5700L, -1]"
1457,20161212,093000,"[u'600004', 14.68, 14000L, -1]"
1458,20161212,093000,"[u'000671', 6.1, 8700L, -1]"
1459,20161212,093000,"[u'002678', 14.75, 24900L, -1]"
1460,20161212,093000,"[u'601226', 8.9, 8700L, -1]"
1461,20161212,093000,"[u'600617', 11.3, 5700L, -1]"
1462,20161212,093000,"[u'600004', 14.68, 14000L, -1]"
1463,20161212,093000,"[u'000671', 6.1, 8700L, -1]"
1464,20161212,093000,"[u'002678', 14.75, 24900L, -1]"
1465,20161212,093000,"[u'600754', 30.7, 7300L, -1]"
1466,20161212,093000,"[u'601226', 8.9, 8700L, -1]"
1467,20161212,093000,"[u'600617', 11.3, 5700L, -1]"
1468,20161212,093000,"[u'600004', 14.68, 14000L, -1]"
1469,20161212,093000,"[u'000671', 6.1, 8700L, -1]"
1470,20161212,093000,"[u'002678', 14.75, 24900L, -1]"
1471,20161212,093000,"[u'600754', 30.7, 7300L, -1]"
1472,20161212,093000,"[u'601226', 8.9, 8700L, -1]"
1473,20161212,093000,"[u'600617', 11.3, 5700L, -1]"
1474,20161212,093000,"[u'600004', 14.68, 14000L, -1]"
1475,20161212,093000,"[u'000671', 6.1, 8700L, -1]"
1476,20161212,093000,"[u'002678', 14.75, 24900L, -1]"
1477,20161212,093000,"[u'600754', 30.7, 7300L, -1]"
1478,20161212,100300,"[u'300182', 11.44, 19248L, -1]"
1479,20161212,100300,"[u'300182', 11.44, 19248L, -1]"
1480,20161212,100300,"[u'300182', 11.44, 19248L, -1]"
1481,20161212,100300,"[u'300182', 11.44, 19248L, -1]"
1482,20161212,100300,"[u'300182', 11.44, 19248L, -1]"
1483,20161212,100300,"[u'300182', 11.44, 19248L, -1]"
1484,20161212,100300,"[u'300182', 11.44, 19248L, -1]"
1485,20161212,100300,"[u'300182', 11.44, 19248L, -1]"
1486,20161212,100300,"[u'300182', 11.44, 19248L, -1]"
1487,20161213,093000,"[u'600482', 32.38, 12800L, -1]"
1488,20161213,093000,"[u'600482', 32.38, 12800L, -1]"
1489,20161213,093000,"[u'600482', 32.38, 12800L, -1]"
1490,20161213,093000,"[u'600482', 32.38, 12800L, -1]"
1491,20161213,093000,"[u'600482', 32.38, 12800L, -1]"
1492,20161213,093000,"[u'002181', 7.58, 21220L, -1]"
1493,20161213,093000,"[u'600482', 32.38, 12800L, -1]"
1494,20161213,093000,"[u'002181', 7.58, 21220L, -1]"
1495,20161213,093000,"[u'300072', 45.2, 7858L, -1]"
1496,20161213,093000,"[u'600482', 32.38, 12800L, -1]"
1497,20161213,093000,"[u'002181', 7.58, 21220L, -1]"
1498,20161213,093000,"[u'300072', 45.2, 7858L, -1]"
1499,20161213,093000,"[u'000550', 27.99, 9500L, -1]"
1500,20161214,093000,"['002123', 15.26, 8500.0, 1]"
1501,20161214,093000,"['000723', 16.16, 8000.0, 1]"
1502,20161214,093000,"['000806', 16.26, 8000.0, 1]"
1503,20161214,093000,"['002491', 15.45, 8400.0, 1]"
1504,20161214,093000,"['601689', 26.62, 4800.0, 1]"
1505,20161214,093000,"['000825', 4.21, 30900.0, 1]"
1506,20161214,093000,"['600338', 32.05, 4000.0, 1]"
1507,20161214,093000,"['600981', 8.28, 15700.0, 1]"
1508,20161214,093000,"['002399', 17.73, 7300.0, 1]"
1509,20161214,093000,"['000761', 5.97, 21800.0, 1]"
1510,20161214,093000,"['300296', 35.66, 3600.0, 1]"
1511,20161214,093000,"['600600', 30.01, 4300.0, 1]"
1512,20161214,093000,"['300297', 12.8, 10100.0, 1]"
1513,20161214,093000,"['603528', 71.0, 1800.0, 1]"
1514,20161214,093000,"['300266', 52.19, 2400.0, 1]"
1515,20161214,093000,"['300122', 17.58, 7400.0, 1]"
1516,20161214,093000,"['603377', 37.86, 3400.0, 1]"
1517,20161214,093000,"['002544', 28.52, 4500.0, 1]"
1518,20161214,093000,"['603868', 45.73, 2800.0, 1]"
1519,20161214,093000,"['600307', 2.84, 45800.0, 1]"
1520,20161214,093000,"['603866', 44.2, 2900.0, 1]"
1521,20161214,093000,"['002407', 27.38, 4700.0, 1]"
1522,20161214,093000,"['002019', 15.32, 8400.0, 1]"
1523,20161214,093000,"['000089', 8.42, 15400.0, 1]"
1524,20161214,093000,"['000999', 24.87, 5200.0, 1]"
1525,20161214,093000,"['601231', 10.23, 12700.0, 1]"
1526,20161214,093000,"['002581', 23.9, 5400.0, 1]"
1527,20161214,093000,"['000025', 55.11, 2300.0, 1]"
1528,20161214,093000,"['002460', 28.93, 4400.0, 1]"
1529,20161214,093000,"['002707', 17.16, 7500.0, 1]"
1530,20161214,093000,"['600549', 24.39, 5300.0, 1]"
1531,20161214,093000,"['600862', 12.05, 10800.0, 1]"
1532,20161214,093000,"['600863', 3.16, 41100.0, 1]"
1533,20161214,093000,"['300159', 15.83, 8200.0, 1]"
1534,20161214,093000,"['000960', 13.69, 9500.0, 1]"
1535,20161214,093000,"['300136', 27.12, 4700.0, 1]"
1536,20161214,093000,"['002422', 16.13, 8000.0, 1]"
1537,20161214,093000,"['603369', 14.3, 9100.0, 1]"
1538,20161214,093000,"['600291', 19.33, 6700.0, 1]"
1539,20161214,093000,"['601016', 9.41, 13800.0, 1]"
1540,20161214,093000,"['300156', 24.82, 5200.0, 1]"
1541,20161220,093000,"['002176', 12.41, 10500.0, 1]"
1542,20161227,093000,"['300324', 19.76, 6000.0, 1]"
